timestamp,open,high,low,close,volume
2020-03-30 09:31:00,61.16,61.16,61.16,61.16,0
2020-03-30 09:36:00,61.0,61.0,61.0,61.0,469
2020-03-30 09:39:00,60.0,60.0,60.0,60.0,0
2020-03-30 09:43:00,59.86,59.86,59.86,59.86,2883
2020-03-30 09:44:00,59.54,59.54,59.54,59.54,446
2020-03-30 09:45:00,59.5286,59.5286,59.5286,59.5286,170
2020-03-30 09:46:00,59.5,59.5,59.5,59.5,0
2020-03-30 09:49:00,59.7317,60.19,59.7038,59.7317,8237
2020-03-30 09:51:00,59.79,60.4655,59.79,60.4655,2248
2020-03-30 09:52:00,60.255,60.255,60.01,60.01,392
2020-03-30 09:54:00,60.255,60.255,60.255,60.255,104
2020-03-30 09:55:00,60.1244,60.1244,60.1244,60.1244,224
2020-03-30 09:58:00,59.815,60.67,59.815,59.9,368
2020-03-30 09:59:00,60.235,60.235,60.235,60.235,94
2020-03-30 10:00:00,59.8,59.8,59.8,59.8,283
2020-03-30 10:04:00,60.225,60.225,60.225,60.225,277
2020-03-30 10:05:00,59.825,60.331,59.34,59.34,1723
2020-03-30 10:06:00,59.34,59.45,59.34,59.45,1646
2020-03-30 10:08:00,59.16,59.45,59.16,59.45,477
2020-03-30 10:13:00,59.4597,60.9735,59.2588,59.4597,634
2020-03-30 10:14:00,59.8,60.01,59.45,60.01,369
2020-03-30 10:16:00,59.64,59.64,59.085,59.45,340
2020-03-30 10:17:00,59.45,59.78,59.305,59.305,777
2020-03-30 10:18:00,59.4,59.4,58.975,58.975,441
2020-03-30 10:19:00,58.7655,59.7837,58.6176,59.2256,455
2020-03-30 10:20:00,58.75,59.26,58.75,58.91,2033
2020-03-30 10:21:00,58.77,59.24,58.77,58.78,952
2020-03-30 10:22:00,58.7968,58.86,58.7968,58.86,624
2020-03-30 10:23:00,59.16,59.16,59.16,59.16,209
2020-03-30 10:24:00,58.825,59.485,58.825,59.2,2151
2020-03-30 10:27:00,59.55,59.71,59.28,59.3,1619
2020-03-30 10:28:00,59.27,59.28,58.55,59.08,752
2020-03-30 10:30:00,58.93,59.16,58.93,58.98,1304
2020-03-30 10:31:00,58.9809,58.9809,58.9809,58.9809,226
2020-03-30 10:32:00,58.96,59.21,58.525,58.525,2040
2020-03-30 10:33:00,58.52,59.18,58.52,59.135,1666
2020-03-30 10:34:00,58.6,59.12,58.575,59.12,889
2020-03-30 10:36:00,59.24,60.1,59.06,59.995,2374
2020-03-30 10:38:00,58.805,58.805,58.805,58.805,266
2020-03-30 10:39:00,59.85,60.14,59.35,60.14,620
2020-03-30 10:40:00,59.3,59.8,59.3,59.6147,2227
2020-03-30 10:42:00,59.38,59.38,58.74,59.115,724
2020-03-30 10:43:00,59.12,59.32,59.12,59.32,888
2020-03-30 10:44:00,58.63,58.935,58.605,58.935,255
2020-03-30 10:45:00,59.06,59.06,58.595,58.595,190
2020-03-30 10:46:00,58.99,59.11,58.86,58.86,1867
2020-03-30 10:47:00,59.11,59.27,58.71,59.16,675
2020-03-30 10:50:00,59.33,59.49,59.14,59.15,1783
2020-03-30 10:53:00,58.985,58.985,58.985,58.985,702
2020-03-30 10:54:00,59.24,59.24,59.24,59.24,209
2020-03-30 10:55:00,59.05,59.24,59.05,59.24,969
2020-03-30 10:56:00,59.09,59.165,58.94,58.94,706
2020-03-30 10:57:00,58.99,58.99,58.99,58.99,97
2020-03-30 11:00:00,58.83,59.5,58.53,59.47,887
2020-03-30 11:01:00,58.86,58.965,58.86,58.965,263
2020-03-30 11:02:00,59.485,60.03,58.98,59.11,1758
2020-03-30 11:03:00,58.93,58.965,58.93,58.965,631
2020-03-30 11:04:00,59.07,59.42,58.74,59.19,4284
2020-03-30 11:05:00,59.19,59.715,59.11,59.715,2128
2020-03-30 11:06:00,59.98,59.98,59.52,59.715,1207
2020-03-30 11:08:00,59.78,59.85,59.46,59.46,1065
2020-03-30 11:10:00,59.82,59.82,59.42,59.42,1590
2020-03-30 11:12:00,59.43,59.5195,59.43,59.5195,267
2020-03-30 11:13:00,59.62,59.62,59.47,59.47,310
2020-03-30 11:14:00,59.62,59.77,59.62,59.77,255
2020-03-30 11:15:00,59.985,59.985,59.985,59.985,103
2020-03-30 11:20:00,60.0,60.6,60.0,60.02,1288
2020-03-30 11:23:00,60.63,60.71,60.0425,60.275,957
2020-03-30 11:24:00,60.52,60.86,60.38,60.38,734
2020-03-30 11:27:00,60.44,60.44,60.44,60.44,164
2020-03-30 11:28:00,60.42,60.68,60.42,60.68,323
2020-03-30 11:31:00,60.86,61.36,60.64,61.165,3995
2020-03-30 11:33:00,61.21,61.9,61.06,61.75,5083
2020-03-30 11:34:00,61.9,61.9,61.41,61.82,396
2020-03-30 11:35:00,61.43,61.96,61.25,61.82,1717
2020-03-30 11:37:00,61.89,61.99,61.66,61.66,340
2020-03-30 11:38:00,61.94,62.86,61.72,62.15,2327
2020-03-30 11:39:00,62.06,62.47,62.06,62.47,612
2020-03-30 11:40:00,62.48,62.48,62.285,62.285,450
2020-03-30 11:42:00,62.57,62.57,62.57,62.57,85
2020-03-30 11:43:00,62.4441,62.61,62.0,62.6,5144
2020-03-30 11:46:00,62.37,63.2,62.09,62.865,6595
2020-03-30 11:47:00,63.03,63.76,62.78,63.4,2588
2020-03-30 11:48:00,63.63,63.72,63.63,63.72,317
2020-03-30 11:49:00,63.36,63.68,63.36,63.68,1436
2020-03-30 11:50:00,63.76,63.83,63.22,63.22,1360
2020-03-30 11:51:00,63.47,63.47,63.47,63.47,102
2020-03-30 11:52:00,63.635,63.84,63.635,63.71,316
2020-03-30 11:53:00,63.79,63.79,63.22,63.22,869
2020-03-30 11:54:00,63.6,63.6,63.17,63.32,403
2020-03-30 11:55:00,63.11,63.52,63.08,63.44,567
2020-03-30 11:56:00,63.4,63.42,62.54,62.85,2380
2020-03-30 11:57:00,62.475,62.79,62.19,62.53,3498
2020-03-30 11:58:00,62.61,62.89,62.58,62.63,510
2020-03-30 11:59:00,62.66,62.89,62.66,62.76,382
2020-03-30 12:00:00,62.59,62.63,62.23,62.53,766
2020-03-30 12:01:00,62.525,62.87,62.21,62.485,3315
2020-03-30 12:02:00,62.77,62.77,62.77,62.77,85
2020-03-30 12:04:00,62.77,62.94,62.57,62.76,3901
2020-03-30 12:05:00,62.95,62.95,62.765,62.88,675
2020-03-30 12:06:00,62.88,63.13,62.88,63.13,850
2020-03-30 12:07:00,62.965,62.965,62.965,62.965,85
2020-03-30 12:08:00,63.165,63.24,62.97,63.02,1020
2020-03-30 12:09:00,63.0,63.235,62.88,62.88,1207
2020-03-30 12:10:00,62.96,62.96,62.57,62.705,1802
2020-03-30 12:11:00,62.675,62.945,62.65,62.945,2915
2020-03-30 12:12:00,62.975,63.36,62.975,63.3,2694
2020-03-30 12:13:00,63.31,63.31,63.31,63.31,127
2020-03-30 12:14:00,63.31,63.31,62.81,62.86,2648
2020-03-30 12:15:00,62.86,62.86,62.65,62.7,425
2020-03-30 12:16:00,62.87,62.87,62.87,62.87,119
2020-03-30 12:17:00,62.53,62.55,62.53,62.55,854
2020-03-30 12:18:00,62.6,63.0,62.57,62.715,8471
2020-03-30 12:19:00,62.64,62.64,62.19,62.48,2227
2020-03-30 12:20:00,62.45,62.45,62.23,62.435,344
2020-03-30 12:21:00,62.5,62.5,62.5,62.5,88
2020-03-30 12:22:00,62.63,62.77,62.25,62.77,599
2020-03-30 12:23:00,62.6,62.725,62.6,62.68,459
2020-03-30 12:24:00,62.5,62.52,61.92,62.0,3542
2020-03-30 12:25:00,62.0,62.0,61.82,61.82,1569
2020-03-30 12:28:00,61.14,61.565,61.14,61.15,1360
2020-03-30 12:29:00,61.59,61.59,61.59,61.59,85
2020-03-30 12:30:00,61.88,61.88,61.88,61.88,148
2020-03-30 12:32:00,61.62,61.62,61.62,61.62,85
2020-03-30 12:34:00,62.0,62.0,61.43,61.43,260
2020-03-30 12:35:00,62.0,62.0,61.42,61.42,605
2020-03-30 12:36:00,61.89,61.89,61.89,61.89,107
2020-03-30 12:37:00,61.9,61.9,61.9,61.9,85
2020-03-30 12:38:00,62.0,62.0,62.0,62.0,170
2020-03-30 12:39:00,61.69,61.69,61.69,61.69,85
2020-03-30 12:40:00,62.0,62.0,61.815,61.815,170
2020-03-30 12:41:00,61.65,61.67,61.32,61.415,1665
2020-03-30 12:45:00,61.56,61.56,61.4,61.4,284
2020-03-30 12:48:00,61.54,61.54,61.54,61.54,89
2020-03-30 12:49:00,61.52,61.52,61.41,61.49,340
2020-03-30 12:50:00,61.52,61.56,61.405,61.405,1156
2020-03-30 12:52:00,61.56,61.56,61.41,61.41,170
2020-03-30 12:54:00,61.405,61.405,61.405,61.405,85
2020-03-30 12:55:00,61.56,61.95,61.3,61.55,2319
2020-03-30 12:56:00,61.685,61.685,61.685,61.685,134
2020-03-30 12:57:00,61.93,61.93,61.93,61.93,135
2020-03-30 12:58:00,61.705,61.705,61.705,61.705,85
2020-03-30 13:00:00,62.0,62.0,61.43,61.43,255
2020-03-30 13:02:00,62.0,62.0,62.0,62.0,125
2020-03-30 13:04:00,62.0,62.0,62.0,62.0,85
2020-03-30 13:05:00,61.675,61.975,61.43,61.87,348
2020-03-30 13:06:00,61.64,62.42,61.36,61.92,4788
2020-03-30 13:07:00,61.8,62.3,61.8,62.3,790
2020-03-30 13:08:00,62.6,62.75,62.125,62.75,1824
2020-03-30 13:09:00,62.56,62.56,62.56,62.56,85
2020-03-30 13:10:00,62.615,62.95,62.615,62.95,255
2020-03-30 13:12:00,62.2541,63.17,62.2541,62.625,662
2020-03-30 13:14:00,62.88,62.97,62.47,62.47,255
2020-03-30 13:15:00,62.47,62.47,62.47,62.47,85
2020-03-30 13:16:00,62.47,62.98,62.47,62.98,340
2020-03-30 13:18:00,62.8,62.87,62.575,62.58,776
2020-03-30 13:19:00,62.97,62.99,62.635,62.665,1169
2020-03-30 13:20:00,63.0,63.13,62.775,62.83,2083
2020-03-30 13:21:00,62.845,63.13,62.825,63.13,1496
2020-03-30 13:22:00,63.12,63.12,63.12,63.12,85
2020-03-30 13:23:00,62.835,62.835,62.835,62.835,170
2020-03-30 13:25:00,62.835,62.835,62.835,62.835,504
2020-03-30 13:26:00,62.835,63.12,62.4,62.4,3882
2020-03-30 13:27:00,62.675,62.675,61.94,61.95,2003
2020-03-30 13:28:00,62.15,62.15,62.15,62.15,207
2020-03-30 13:29:00,62.16,62.16,61.72,61.72,998
2020-03-30 13:32:00,62.02,62.02,62.02,62.02,92
2020-03-30 13:33:00,62.02,62.02,62.02,62.02,88
2020-03-30 13:34:00,62.025,62.045,61.8,62.015,837
2020-03-30 13:35:00,61.91,61.91,61.91,61.91,102
2020-03-30 13:36:00,61.99,62.305,61.9,62.29,2271
2020-03-30 13:37:00,62.3,62.38,62.03,62.3482,1886
2020-03-30 13:38:00,62.39,62.39,62.39,62.39,85
2020-03-30 13:39:00,62.39,62.39,62.39,62.39,187
2020-03-30 13:40:00,62.39,62.39,62.39,62.39,170
2020-03-30 13:42:00,62.05,62.375,62.05,62.375,255
2020-03-30 13:44:00,62.38,62.38,62.38,62.38,85
2020-03-30 13:45:00,62.66,62.66,62.07,62.34,837
2020-03-30 13:46:00,62.38,62.38,62.38,62.38,85
2020-03-30 13:47:00,62.54,62.59,62.09,62.09,255
2020-03-30 13:48:00,62.54,62.54,62.54,62.54,85
2020-03-30 13:50:00,62.6,62.6,62.6,62.6,85
2020-03-30 13:51:00,62.15,62.6,62.15,62.6,170
2020-03-30 13:52:00,62.53,62.6,62.27,62.6,467
2020-03-30 13:53:00,62.41,62.53,62.41,62.53,256
2020-03-30 13:54:00,62.59,62.59,62.35,62.425,425
2020-03-30 13:55:00,62.55,62.66,62.41,62.66,1705
2020-03-30 13:56:00,62.61,62.9,62.61,62.9,855
2020-03-30 13:57:00,62.9,62.9,62.15,62.15,2341
2020-03-30 13:59:00,62.28,62.28,62.01,62.01,1111
2020-03-30 14:00:00,61.975,61.975,61.975,61.975,85
2020-03-30 14:01:00,61.94,61.94,61.63,61.63,696
2020-03-30 14:02:00,61.54,61.54,61.54,61.54,126
2020-03-30 14:05:00,61.95,61.95,61.95,61.95,212
2020-03-30 14:06:00,61.95,61.95,61.69,61.69,170
2020-03-30 14:07:00,61.94,61.94,61.94,61.94,85
2020-03-30 14:10:00,61.94,61.94,61.94,61.94,94
2020-03-30 14:11:00,61.93,61.93,61.46,61.46,170
2020-03-30 14:12:00,61.93,61.93,61.93,61.93,192
2020-03-30 14:15:00,61.91,61.91,61.52,61.71,396
2020-03-30 14:16:00,61.725,61.725,61.725,61.725,144
2020-03-30 14:17:00,61.86,62.185,61.57,62.09,1564
2020-03-30 14:18:00,62.16,62.16,61.67,61.67,520
2020-03-30 14:19:00,62.29,62.42,61.8337,62.42,939
2020-03-30 14:20:00,62.53,62.66,62.53,62.66,170
2020-03-30 14:21:00,62.66,62.66,61.67,61.67,7952
2020-03-30 14:23:00,61.86,62.15,61.68,62.15,2965
2020-03-30 14:24:00,62.0,62.25,62.0,62.25,1963
2020-03-30 14:25:00,62.46,62.62,62.29,62.62,865
2020-03-30 14:26:00,62.4156,62.4156,62.4156,62.4156,85
2020-03-30 14:27:00,62.32,62.65,62.31,62.325,652
2020-03-30 14:28:00,62.48,62.5,62.35,62.35,467
2020-03-30 14:29:00,62.58,62.58,62.485,62.485,425
2020-03-30 14:30:00,62.485,62.485,62.485,62.485,85
2020-03-30 14:31:00,62.485,62.485,62.3,62.3,754
2020-03-30 14:33:00,62.625,62.625,62.14,62.21,2173
2020-03-30 14:34:00,62.445,62.445,62.25,62.25,255
2020-03-30 14:35:00,62.29,62.475,62.29,62.475,350
2020-03-30 14:36:00,62.47,62.47,62.11,62.375,915
2020-03-30 14:37:00,62.38,62.38,62.16,62.16,255
2020-03-30 14:38:00,62.37,62.395,62.37,62.395,342
2020-03-30 14:39:00,62.37,62.37,62.12,62.18,640
2020-03-30 14:41:00,62.19,62.26,62.13,62.26,1120
2020-03-30 14:42:00,62.16,62.26,62.16,62.26,306
2020-03-30 14:43:00,62.35,62.5,62.17,62.5,1824
2020-03-30 14:44:00,62.405,62.46,62.18,62.46,381
2020-03-30 14:45:00,62.405,62.42,62.405,62.42,170
2020-03-30 14:46:00,62.5,62.5,62.19,62.36,572
2020-03-30 14:47:00,62.24,62.34,62.24,62.34,345
2020-03-30 14:48:00,62.34,62.34,61.96,62.19,2218
2020-03-30 14:49:00,62.18,62.18,61.35,61.35,1816
2020-03-30 14:51:00,61.98,61.98,61.98,61.98,170
2020-03-30 14:53:00,61.87,61.87,61.87,61.87,85
2020-03-30 14:54:00,61.28,61.85,61.28,61.58,255
2020-03-30 14:55:00,61.97,61.97,61.88,61.88,202
2020-03-30 14:56:00,61.34,61.34,61.34,61.34,85
2020-03-30 14:57:00,61.94,61.94,61.94,61.94,175
2020-03-30 14:58:00,61.84,62.51,61.84,62.07,2776
2020-03-30 14:59:00,62.19,62.3,62.19,62.3,170
2020-03-30 15:00:00,62.45,62.45,62.45,62.45,170
2020-03-30 15:01:00,62.51,62.56,62.21,62.56,1297
2020-03-30 15:02:00,62.435,62.56,62.435,62.56,170
2020-03-30 15:03:00,62.445,62.5804,62.25,62.51,1062
2020-03-30 15:04:00,62.45,62.56,62.26,62.56,1702
2020-03-30 15:05:00,62.56,62.56,62.56,62.56,170
2020-03-30 15:06:00,62.45,62.45,62.07,62.125,2942
2020-03-30 15:07:00,62.225,62.225,61.62,61.62,1850
2020-03-30 15:09:00,61.94,62.215,61.63,62.08,1481
2020-03-30 15:10:00,61.875,62.22,61.71,61.71,3557
2020-03-30 15:11:00,61.83,62.39,61.83,62.39,3111
2020-03-30 15:12:00,62.24,62.24,62.19,62.24,312
2020-03-30 15:13:00,62.2749,62.47,62.22,62.47,280
2020-03-30 15:14:00,62.26,62.47,62.01,62.01,255
2020-03-30 15:15:00,62.2,62.205,61.99,61.99,429
2020-03-30 15:16:00,62.26,62.26,62.26,62.26,171
2020-03-30 15:17:00,62.26,62.26,62.16,62.16,425
2020-03-30 15:18:00,62.16,62.16,61.87,61.87,1904
2020-03-30 15:19:00,61.82,61.82,61.82,61.82,195
2020-03-30 15:20:00,61.845,62.22,61.845,62.105,1646
2020-03-30 15:21:00,61.7,61.7,61.7,61.7,293
2020-03-30 15:22:00,62.215,62.5339,61.92,61.92,8482
2020-03-30 15:23:00,62.45,62.45,62.21,62.38,681
2020-03-30 15:24:00,62.43,62.44,62.1425,62.1425,255
2020-03-30 15:25:00,62.255,62.45,62.11,62.28,1217
2020-03-30 15:26:00,62.23,62.31,62.1,62.13,2311
2020-03-30 15:27:00,61.99,62.095,61.99,62.05,733
2020-03-30 15:28:00,62.055,62.06,61.91,61.91,1756
2020-03-30 15:29:00,61.9,62.205,61.82,62.205,2485
2020-03-30 15:30:00,61.91,62.06,61.72,61.72,1876
2020-03-30 15:31:00,62.1,62.1,62.1,62.1,170
2020-03-30 15:32:00,62.1,62.1,61.78,61.78,600
2020-03-30 15:33:00,62.17,62.17,62.12,62.12,170
2020-03-30 15:34:00,61.9018,62.13,61.73,61.73,868
2020-03-30 15:35:00,62.085,62.085,61.79,61.79,255
2020-03-30 15:36:00,62.08,62.09,61.73,62.09,1108
2020-03-30 15:37:00,61.935,62.05,61.885,62.05,2922
2020-03-30 15:38:00,62.21,62.21,61.89,62.05,430
2020-03-30 15:39:00,62.2,62.37,62.045,62.34,3306
2020-03-30 15:40:00,62.355,63.04,62.355,62.98,4641
2020-03-30 15:41:00,62.905,63.11,62.9,62.9,421
2020-03-30 15:42:00,62.9,63.12,62.745,62.925,1540
2020-03-30 15:43:00,63.11,63.11,62.57,62.855,1512
2020-03-30 15:44:00,62.59,62.905,62.59,62.905,260
2020-03-30 15:45:00,62.7,63.15,62.59,63.15,3672
2020-03-30 15:46:00,63.025,63.21,62.83,63.21,1205
2020-03-30 15:47:00,63.0,63.115,62.88,62.915,2304
2020-03-30 15:48:00,62.92,63.23,62.645,63.23,7977
2020-03-30 15:49:00,62.93,63.07,62.64,63.07,1764
2020-03-30 15:50:00,62.97,62.97,62.33,62.53,3053
2020-03-30 15:51:00,62.81,62.81,62.25,62.25,959
2020-03-30 15:52:00,62.75,62.75,62.25,62.5028,686
2020-03-30 15:53:00,62.7126,63.2724,61.9502,62.2124,4288
2020-03-30 15:54:00,61.4,62.47,61.4,62.44,513
2020-03-30 15:55:00,62.41,62.8,62.0,62.8,1357
2020-03-30 15:56:00,62.8,62.8,62.03,62.5294,1275
2020-03-30 15:57:00,62.41,62.79,62.03,62.37,1379
2020-03-30 15:58:00,62.63,62.79,62.37,62.79,7227
2020-03-30 15:59:00,62.76,62.81,62.55,62.81,7072
2020-03-30 16:00:00,62.8,62.84,62.61,62.7,6096
2020-03-31 09:31:00,63.36,63.36,63.36,63.36,1111
2020-03-31 09:34:00,62.68,62.74,62.63,62.63,2091
2020-03-31 09:35:00,62.37,62.64,62.2,62.64,943
2020-03-31 09:36:00,62.01,62.06,62.01,62.06,697
2020-03-31 09:37:00,62.17,62.27,62.06,62.1218,2147
2020-03-31 09:38:00,62.025,62.24,62.025,62.24,433
2020-03-31 09:39:00,62.99,62.99,62.99,62.99,153
2020-03-31 09:40:00,62.35,62.62,62.35,62.52,2973
2020-03-31 09:41:00,62.52,62.52,62.18,62.18,1210
2020-03-31 09:42:00,62.185,62.39,62.185,62.39,1379
2020-03-31 09:43:00,62.105,62.26,62.015,62.015,1113
2020-03-31 09:44:00,62.26,62.47,62.2,62.47,871
2020-03-31 09:45:00,62.505,62.505,61.665,61.665,3295
2020-03-31 09:46:00,62.07,62.07,62.01,62.0594,319
2020-03-31 09:47:00,62.04,62.04,61.83,62.0,1202
2020-03-31 09:48:00,62.2,62.2,62.2,62.2,697
2020-03-31 09:50:00,61.87,62.0,61.74,62.0,629
2020-03-31 09:51:00,61.76,61.76,61.76,61.76,85
2020-03-31 09:52:00,61.38,61.38,61.38,61.38,142
2020-03-31 09:54:00,61.66,61.66,61.45,61.45,255
2020-03-31 09:55:00,61.43,62.53,60.85,61.26,1379
2020-03-31 09:56:00,61.22,61.3,61.22,61.3,816
2020-03-31 09:58:00,61.945,62.01,61.945,62.01,241
2020-03-31 09:59:00,62.99,62.99,61.63,61.63,356
2020-03-31 10:00:00,61.95,61.98,61.87,61.87,622
2020-03-31 10:01:00,60.57,60.57,60.57,60.57,223
2020-03-31 10:02:00,62.05,62.05,62.05,62.05,360
2020-03-31 10:04:00,61.26,61.26,61.26,61.26,290
2020-03-31 10:07:00,62.655,62.655,62.655,62.655,510
2020-03-31 10:08:00,62.27,62.27,62.27,62.27,254
2020-03-31 10:09:00,62.8756,62.8756,62.295,62.295,439
2020-03-31 10:11:00,62.0,62.0,62.0,62.0,420
2020-03-31 10:12:00,62.0148,62.2,61.8579,62.2,698
2020-03-31 10:14:00,62.21,62.21,62.21,62.21,182
2020-03-31 10:16:00,61.96,61.998,61.96,61.998,570
2020-03-31 10:22:00,62.505,62.54,62.505,62.54,195
2020-03-31 10:23:00,62.1,62.1,61.74,61.74,1921
2020-03-31 10:24:00,61.61,61.61,61.61,61.61,1098
2020-03-31 10:29:00,62.01,62.01,62.01,62.01,144
2020-03-31 10:33:00,61.745,61.745,61.745,61.745,319
2020-03-31 10:35:00,62.03,62.03,62.03,62.03,85
2020-03-31 10:36:00,62.06,62.06,62.06,62.06,150
2020-03-31 10:39:00,62.1,62.11,61.945,61.945,396
2020-03-31 10:42:00,62.11,62.11,62.01,62.01,514
2020-03-31 10:43:00,61.99,61.99,61.99,61.99,85
2020-03-31 10:44:00,61.99,61.99,61.99,61.99,297
2020-03-31 10:45:00,62.415,62.425,62.415,62.425,170
2020-03-31 10:48:00,62.44,62.445,62.44,62.445,170
2020-03-31 10:50:00,62.485,62.485,62.3436,62.3436,340
2020-03-31 10:51:00,62.49,62.49,62.37,62.37,674
2020-03-31 10:53:00,62.385,62.385,62.385,62.385,85
2020-03-31 10:54:00,62.0561,62.0561,62.0561,62.0561,429
2020-03-31 10:55:00,62.44,62.54,62.44,62.44,856
2020-03-31 10:56:00,62.2832,62.8434,61.6927,61.803,808
2020-03-31 10:57:00,61.87,62.01,61.85,62.01,957
2020-03-31 10:58:00,62.435,62.435,62.435,62.435,93
2020-03-31 10:59:00,62.43,62.78,62.01,62.78,1445
2020-03-31 11:00:00,61.99,62.2,61.75,61.77,3758
2020-03-31 11:01:00,61.665,62.03,61.6,61.6,1105
2020-03-31 11:02:00,61.83,61.83,61.83,61.83,445
2020-03-31 11:03:00,62.0,62.0,62.0,62.0,335
2020-03-31 11:04:00,61.96,61.96,61.95,61.95,362
2020-03-31 11:07:00,62.01,62.01,62.01,62.01,93
2020-03-31 11:09:00,61.57,61.6,61.425,61.6,2121
2020-03-31 11:10:00,61.725,61.86,61.725,61.76,1501
2020-03-31 11:11:00,61.95,61.95,61.95,61.95,117
2020-03-31 11:14:00,61.94,62.01,61.94,62.01,194
2020-03-31 11:15:00,61.99,61.99,61.99,61.99,198
2020-03-31 11:16:00,62.02,62.17,62.02,62.02,510
2020-03-31 11:17:00,62.02,62.02,62.02,62.02,85
2020-03-31 11:18:00,61.89,61.92,61.8,61.8,412
2020-03-31 11:19:00,61.95,61.9994,61.95,61.9994,174
2020-03-31 11:20:00,62.115,62.115,62.115,62.115,121
2020-03-31 11:23:00,61.82,62.115,61.82,62.115,171
2020-03-31 11:25:00,62.4827,62.4827,62.135,62.135,453
2020-03-31 11:26:00,62.175,62.175,62.175,62.175,683
2020-03-31 11:27:00,62.5,62.5,62.196,62.5,1135
2020-03-31 11:28:00,62.2,62.2,61.79,61.79,855
2020-03-31 11:30:00,61.95,61.95,61.95,61.95,110
2020-03-31 11:31:00,61.725,61.725,61.725,61.725,675
2020-03-31 11:33:00,61.77,61.92,61.635,61.635,405
2020-03-31 11:35:00,62.16,62.16,61.92,62.04,996
2020-03-31 11:36:00,62.025,62.025,61.89,61.89,340
2020-03-31 11:38:00,61.74,61.78,61.74,61.77,371
2020-03-31 11:40:00,61.6182,61.6182,61.6182,61.6182,267
2020-03-31 11:41:00,61.92,61.92,61.92,61.92,85
2020-03-31 11:43:00,61.81,61.81,61.81,61.81,293
2020-03-31 11:47:00,61.95,62.045,61.95,62.045,275
2020-03-31 11:49:00,62.48,62.485,62.01,62.01,935
2020-03-31 11:50:00,61.87,61.87,61.63,61.81,2134
2020-03-31 11:51:00,61.435,61.435,61.435,61.435,85
2020-03-31 11:52:00,61.83,62.11,61.82,62.11,1181
2020-03-31 11:53:00,62.01,62.435,61.99,62.01,1908
2020-03-31 11:54:00,62.02,62.02,62.02,62.02,2108
2020-03-31 11:55:00,62.0,62.0,61.96,61.96,350
2020-03-31 11:56:00,62.34,62.34,62.34,62.34,794
2020-03-31 11:57:00,62.43,62.48,61.96,62.36,841
2020-03-31 11:58:00,62.08,62.08,62.08,62.08,85
2020-03-31 11:59:00,62.29,62.29,62.29,62.29,196
2020-03-31 12:00:00,62.295,62.295,62.295,62.295,85
2020-03-31 12:01:00,62.3,62.3,62.3,62.3,187
2020-03-31 12:03:00,62.31,62.31,62.31,62.31,85
2020-03-31 12:05:00,62.165,62.28,62.165,62.28,255
2020-03-31 12:06:00,62.8,62.8,62.31,62.31,321
2020-03-31 12:07:00,62.03,62.03,61.97,61.97,180
2020-03-31 12:09:00,61.98,61.98,61.98,61.98,85
2020-03-31 12:10:00,62.34,62.34,62.34,62.34,185
2020-03-31 12:14:00,61.94,62.02,61.79,61.84,4382
2020-03-31 12:15:00,61.78,62.0,61.69,61.69,375
2020-03-31 12:16:00,61.905,61.91,61.78,61.78,1409
2020-03-31 12:17:00,61.99,62.245,61.99,62.245,1156
2020-03-31 12:18:00,62.2,62.2,62.2,62.2,127
2020-03-31 12:19:00,62.04,62.36,62.0,62.08,2701
2020-03-31 12:20:00,62.005,62.005,61.8,61.83,1541
2020-03-31 12:21:00,61.775,61.775,61.775,61.775,170
2020-03-31 12:22:00,61.51,61.51,61.51,61.51,872
2020-03-31 12:23:00,61.5,61.745,61.5,61.745,467
2020-03-31 12:24:00,61.75,61.75,61.75,61.75,433
2020-03-31 12:26:00,61.75,61.75,61.75,61.75,119
2020-03-31 12:27:00,61.855,61.934,61.855,61.9275,997
2020-03-31 12:28:00,61.67,61.67,61.67,61.67,320
2020-03-31 12:33:00,61.6887,61.6887,61.6887,61.6887,176
2020-03-31 12:34:00,62.085,62.085,61.385,61.385,254
2020-03-31 12:35:00,61.95,61.95,61.95,61.95,85
2020-03-31 12:36:00,62.1,62.1,62.1,62.1,86
2020-03-31 12:37:00,62.62,62.62,62.085,62.085,404
2020-03-31 12:38:00,62.2,62.2,61.65,61.74,504
2020-03-31 12:39:00,62.225,62.23,61.66,61.71,702
2020-03-31 12:44:00,61.95,62.02,61.65,61.85,1089
2020-03-31 12:45:00,62.0001,62.185,62.0001,62.185,170
2020-03-31 12:46:00,62.06,62.29,62.06,62.075,734
2020-03-31 12:49:00,62.01,62.435,62.01,62.435,196
2020-03-31 12:50:00,62.4006,62.44,62.06,62.06,535
2020-03-31 12:51:00,62.02,62.395,62.02,62.395,1261
2020-03-31 12:54:00,62.04,62.395,62.02,62.395,864
2020-03-31 12:55:00,62.05,62.05,62.05,62.05,170
2020-03-31 12:56:00,62.03,62.03,62.02,62.02,323
2020-03-31 12:57:00,62.01,62.01,62.01,62.01,114
2020-03-31 12:58:00,62.01,62.01,62.01,62.01,92
2020-03-31 12:59:00,62.01,62.17,62.01,62.01,255
2020-03-31 13:00:00,62.005,62.005,62.005,62.005,85
2020-03-31 13:01:00,62.16,62.16,62.005,62.005,221
2020-03-31 13:04:00,62.355,62.355,62.3027,62.3027,356
2020-03-31 13:05:00,62.23,62.59,62.23,62.28,425
2020-03-31 13:06:00,62.02,62.02,62.0,62.0,255
2020-03-31 13:07:00,62.275,62.275,62.02,62.02,510
2020-03-31 13:08:00,62.0631,62.8484,61.8239,61.9931,5907
2020-03-31 13:09:00,61.62,61.62,61.62,61.62,85
2020-03-31 13:11:00,62.085,62.09,62.085,62.09,182
2020-03-31 13:13:00,62.0,62.0,62.0,62.0,164
2020-03-31 13:14:00,62.145,62.145,62.145,62.145,170
2020-03-31 13:15:00,61.67,62.065,61.67,62.065,170
2020-03-31 13:16:00,61.7,61.7,61.7,61.7,187
2020-03-31 13:18:00,61.64,61.845,61.49,61.845,1011
2020-03-31 13:19:00,61.845,61.9594,61.79,61.9,951
2020-03-31 13:20:00,61.785,62.0,61.785,62.0,340
2020-03-31 13:22:00,62.1,62.1,61.59,61.71,446
2020-03-31 13:23:00,62.09,62.09,62.09,62.09,176
2020-03-31 13:24:00,62.085,62.085,61.8,61.8,266
2020-03-31 13:25:00,61.65,62.48,61.65,61.68,255
2020-03-31 13:26:00,61.54,61.95,61.54,61.95,866
2020-03-31 13:27:00,61.865,61.865,61.865,61.865,170
2020-03-31 13:28:00,61.95,61.95,61.795,61.795,382
2020-03-31 13:30:00,61.95,61.95,61.82,61.82,215
2020-03-31 13:31:00,61.65,61.97,61.65,61.94,1898
2020-03-31 13:32:00,61.94,62.1,61.94,62.1,215
2020-03-31 13:33:00,62.15,62.28,61.73,62.28,425
2020-03-31 13:34:00,61.975,61.975,61.74,61.9494,2064
2020-03-31 13:35:00,61.9,61.9,61.465,61.465,2732
2020-03-31 13:36:00,61.69,61.72,61.55,61.72,570
2020-03-31 13:37:00,62.015,62.015,61.79,61.81,1109
2020-03-31 13:38:00,61.8,61.8,61.71,61.71,680
2020-03-31 13:39:00,61.65,61.65,61.65,61.65,119
2020-03-31 13:41:00,62.0,62.0,62.0,62.0,119
2020-03-31 13:42:00,62.26,62.26,62.26,62.26,92
2020-03-31 13:43:00,62.035,62.13,61.65,62.13,536
2020-03-31 13:44:00,61.7,61.7,61.7,61.7,85
2020-03-31 13:45:00,61.85,61.85,61.725,61.725,306
2020-03-31 13:46:00,62.075,62.075,62.0501,62.065,255
2020-03-31 13:47:00,61.995,62.0,61.83,61.83,771
2020-03-31 13:48:00,61.915,61.915,61.915,61.915,85
2020-03-31 13:49:00,62.0,62.01,62.0,62.01,340
2020-03-31 13:50:00,61.95,61.95,61.895,61.905,431
2020-03-31 13:51:00,61.9564,62.08,61.9564,62.08,265
2020-03-31 13:52:00,61.75,62.04,61.75,62.04,257
2020-03-31 13:53:00,61.88,62.105,61.88,62.105,293
2020-03-31 13:54:00,62.155,62.155,61.91,62.15,454
2020-03-31 13:55:00,62.145,62.145,62.0501,62.135,450
2020-03-31 13:57:00,61.9,61.97,61.9,61.97,719
2020-03-31 13:59:00,61.75,61.75,61.75,61.75,85
2020-03-31 14:00:00,62.1,62.42,62.1,62.42,728
2020-03-31 14:01:00,62.365,62.365,62.365,62.365,204
2020-03-31 14:02:00,62.365,62.365,62.365,62.365,135
2020-03-31 14:03:00,62.18,62.18,62.175,62.175,255
2020-03-31 14:04:00,62.17,62.195,62.17,62.19,357
2020-03-31 14:05:00,62.19,62.41,62.19,62.41,1678
2020-03-31 14:06:00,62.52,62.52,62.52,62.52,1066
2020-03-31 14:08:00,62.3,62.3,62.3,62.3,90
2020-03-31 14:10:00,62.3,62.3,62.3,62.3,144
2020-03-31 14:11:00,62.32,62.88,62.32,62.88,1320
2020-03-31 14:12:00,62.47,62.47,62.47,62.47,97
2020-03-31 14:13:00,62.16,62.16,62.16,62.16,170
2020-03-31 14:14:00,62.16,62.16,62.16,62.16,88
2020-03-31 14:16:00,62.38,62.72,62.19,62.19,4838
2020-03-31 14:18:00,61.99,61.99,61.61,61.88,2299
2020-03-31 14:19:00,61.945,61.964,61.945,61.964,1278
2020-03-31 14:20:00,62.08,62.2,62.08,62.2,868
2020-03-31 14:22:00,61.93,62.0,61.93,62.0,221
2020-03-31 14:23:00,62.15,62.27,62.03,62.27,1632
2020-03-31 14:24:00,62.43,62.43,62.3445,62.3445,894
2020-03-31 14:25:00,62.31,62.31,62.3,62.3,471
2020-03-31 14:26:00,62.3693,62.3693,62.355,62.355,533
2020-03-31 14:29:00,62.2,62.2,62.2,62.2,162
2020-03-31 14:30:00,62.42,62.4395,62.41,62.41,562
2020-03-31 14:31:00,62.3564,62.3564,62.3564,62.3564,135
2020-03-31 14:32:00,62.6,62.62,62.4,62.4,893
2020-03-31 14:34:00,62.31,62.58,62.21,62.415,1578
2020-03-31 14:35:00,62.415,62.56,62.415,62.505,1451
2020-03-31 14:36:00,62.42,62.495,62.095,62.095,2669
2020-03-31 14:37:00,62.09,62.09,61.91,61.91,949
2020-03-31 14:38:00,62.03,62.17,61.95,62.035,5586
2020-03-31 14:39:00,61.94,61.94,61.94,61.94,884
2020-03-31 14:40:00,62.095,62.1,61.95,62.065,1320
2020-03-31 14:41:00,61.95,62.065,61.95,61.95,602
2020-03-31 14:42:00,61.87,61.87,61.87,61.87,182
2020-03-31 14:44:00,61.95,61.95,61.79,61.79,291
2020-03-31 14:46:00,61.915,61.915,61.915,61.915,91
2020-03-31 14:47:00,61.915,61.95,61.79,61.79,356
2020-03-31 14:48:00,61.79,61.85,61.66,61.8,1464
2020-03-31 14:49:00,61.76,61.76,61.76,61.76,170
2020-03-31 14:52:00,61.87,61.87,61.7,61.7,351
2020-03-31 14:54:00,61.71,61.71,61.71,61.71,85
2020-03-31 14:55:00,61.57,61.57,61.57,61.57,170
2020-03-31 14:57:00,61.9004,61.9004,61.81,61.81,258
2020-03-31 14:59:00,61.95,61.95,61.56,61.8,797
2020-03-31 15:00:00,61.795,61.795,61.7902,61.7902,172
2020-03-31 15:02:00,61.61,61.8021,61.02,61.45,8355
2020-03-31 15:03:00,61.12,61.12,61.12,61.12,93
2020-03-31 15:05:00,61.12,61.12,61.12,61.12,165
2020-03-31 15:06:00,61.12,61.12,61.12,61.12,85
2020-03-31 15:07:00,61.12,61.12,61.12,61.12,236
2020-03-31 15:08:00,61.081,61.32,60.61,60.74,5090
2020-03-31 15:09:00,60.63,60.63,60.63,60.63,170
2020-03-31 15:10:00,60.64,60.64,60.64,60.64,85
2020-03-31 15:11:00,61.11,61.11,61.1,61.1,739
2020-03-31 15:12:00,61.02,61.02,60.9,60.9,197
2020-03-31 15:13:00,61.239,61.239,60.8,60.8,245
2020-03-31 15:14:00,60.79,60.975,60.79,60.975,328
2020-03-31 15:15:00,61.19,61.22,61.19,61.22,638
2020-03-31 15:18:00,60.89,60.89,60.89,60.89,198
2020-03-31 15:19:00,61.58,61.58,61.18,61.18,260
2020-03-31 15:20:00,61.48,61.48,61.13,61.13,220
2020-03-31 15:21:00,61.43,61.43,61.43,61.43,170
2020-03-31 15:22:00,61.1,61.43,61.1,61.43,357
2020-03-31 15:23:00,61.085,61.39,61.08,61.08,255
2020-03-31 15:24:00,61.36,61.36,60.77,61.06,374
2020-03-31 15:25:00,61.32,61.32,61.055,61.055,486
2020-03-31 15:26:00,61.3,61.3,61.035,61.26,450
2020-03-31 15:27:00,61.025,61.025,61.025,61.025,85
2020-03-31 15:28:00,61.25,61.62,61.25,61.62,994
2020-03-31 15:29:00,61.93,61.93,61.51,61.51,1647
2020-03-31 15:30:00,61.53,61.95,61.51,61.51,985
2020-03-31 15:31:00,61.5,61.5,61.36,61.36,1675
2020-03-31 15:32:00,61.185,61.185,61.185,61.185,90
2020-03-31 15:33:00,61.21,61.21,61.165,61.165,442
2020-03-31 15:35:00,60.63,60.63,60.63,60.63,144
2020-03-31 15:36:00,60.63,60.63,60.63,60.63,85
2020-03-31 15:37:00,60.68,61.19,60.68,61.19,366
2020-03-31 15:38:00,61.0,61.0,60.96,60.96,340
2020-03-31 15:39:00,60.99,61.04,60.99,61.04,418
2020-03-31 15:40:00,61.07,61.325,61.05,61.325,545
2020-03-31 15:42:00,61.31,61.31,61.3,61.3,272
2020-03-31 15:43:00,61.305,61.305,61.07,61.3,784
2020-03-31 15:44:00,61.15,61.39,61.15,61.39,475
2020-03-31 15:45:00,61.42,62.06,61.42,61.95,682
2020-03-31 15:46:00,61.57,62.0,61.57,61.785,2358
2020-03-31 15:47:00,61.57,61.785,61.39,61.39,1333
2020-03-31 15:48:00,61.59,61.59,61.59,61.59,145
2020-03-31 15:49:00,61.21,61.465,61.18,61.465,273
2020-03-31 15:50:00,61.21,61.46,61.21,61.46,708
2020-03-31 15:51:00,61.19,62.08,61.19,61.22,920
2020-03-31 15:52:00,61.5042,61.83,61.22,61.8,680
2020-03-31 15:53:00,61.25,61.8,61.25,61.69,1178
2020-03-31 15:54:00,61.52,61.52,61.2,61.43,1391
2020-03-31 15:55:00,61.645,61.87,61.2,61.25,1915
2020-03-31 15:56:00,61.81,61.96,61.31,61.64,3847
2020-03-31 15:57:00,61.83,61.84,61.43,61.8,3875
2020-03-31 15:58:00,61.8,61.9,61.65,61.86,6301
2020-03-31 15:59:00,61.9,61.9,61.85,61.9,4740
2020-03-31 16:00:00,61.96,62.46,61.88,62.32,8401
2020-04-01 09:31:00,59.8,59.8,59.8,59.8,2515
2020-04-01 09:33:00,59.01,59.01,59.01,59.01,769
2020-04-01 09:36:00,59.3742,59.3742,59.3742,59.3742,204
2020-04-01 09:37:00,58.35,58.35,58.35,58.35,1510
2020-04-01 09:38:00,59.75,59.75,59.75,59.75,0
2020-04-01 09:39:00,59.5665,59.5665,59.5665,59.5665,5176
2020-04-01 09:41:00,59.29,59.29,59.29,59.29,0
2020-04-01 09:42:00,59.82,59.82,59.82,59.82,5478
2020-04-01 09:43:00,59.5716,59.5716,59.5716,59.5716,557
2020-04-01 09:46:00,59.57,59.57,59.57,59.57,433
2020-04-01 09:47:00,59.58,59.58,59.58,59.58,2093
2020-04-01 09:48:00,59.76,59.76,59.76,59.76,1428
2020-04-01 09:49:00,60.0,60.0,60.0,60.0,93
2020-04-01 09:50:00,59.61,59.61,59.61,59.61,1488
2020-04-01 09:51:00,59.35,59.76,59.35,59.76,799
2020-04-01 09:52:00,60.11,60.11,60.11,60.11,2012
2020-04-01 09:53:00,59.8988,60.12,59.8988,60.12,2355
2020-04-01 09:55:00,59.95,59.95,59.95,59.95,733
2020-04-01 09:56:00,60.235,60.235,60.235,60.235,2281
2020-04-01 09:57:00,59.9,59.9,59.9,59.9,602
2020-04-01 09:58:00,59.87,59.87,59.87,59.87,537
2020-04-01 09:59:00,59.52,59.62,59.52,59.52,883
2020-04-01 10:00:00,59.725,59.7393,59.56,59.56,394
2020-04-01 10:03:00,59.57,59.57,59.28,59.28,788
2020-04-01 10:04:00,59.07,59.09,58.76,58.9,1875
2020-04-01 10:06:00,58.75,58.75,58.75,58.75,94
2020-04-01 10:07:00,58.95,58.95,58.76,58.76,337
2020-04-01 10:08:00,58.53,58.53,58.515,58.52,470
2020-04-01 10:09:00,58.52,58.665,58.52,58.665,361
2020-04-01 10:10:00,58.74,58.9,58.56,58.79,2199
2020-04-01 10:12:00,59.26,59.26,58.67,58.67,173
2020-04-01 10:13:00,58.64,58.64,58.64,58.64,87
2020-04-01 10:14:00,58.67,59.33,58.62,58.62,2050
2020-04-01 10:15:00,58.94,58.9694,58.94,58.9694,189
2020-04-01 10:16:00,58.62,58.62,58.62,58.62,87
2020-04-01 10:17:00,58.62,58.62,58.62,58.62,287
2020-04-01 10:19:00,58.73,58.73,58.73,58.73,342
2020-04-01 10:20:00,58.85,58.85,58.6,58.6,804
2020-04-01 10:21:00,58.59,58.59,58.51,58.51,183
2020-04-01 10:22:00,58.51,58.52,58.51,58.5102,437
2020-04-01 10:23:00,58.51,58.66,58.51,58.66,173
2020-04-01 10:24:00,58.665,58.79,58.59,58.59,264
2020-04-01 10:25:00,58.665,58.78,58.665,58.78,337
2020-04-01 10:26:00,58.5,58.53,58.39,58.39,842
2020-04-01 10:27:00,58.295,58.295,58.295,58.295,286
2020-04-01 10:29:00,58.0,58.0,57.57,57.58,1672
2020-04-01 10:30:00,57.44,57.73,57.44,57.73,482
2020-04-01 10:31:00,57.4,57.575,57.4,57.575,294
2020-04-01 10:32:00,57.41,57.41,57.41,57.41,181
2020-04-01 10:33:00,57.75,57.8,57.68,57.77,1140
2020-04-01 10:34:00,58.05,58.05,58.05,58.05,170
2020-04-01 10:37:00,58.075,58.08,58.075,58.08,272
2020-04-01 10:40:00,58.3,58.3,58.3,58.3,453
2020-04-01 10:43:00,57.875,57.875,57.875,57.875,563
2020-04-01 10:48:00,57.55,57.55,57.55,57.55,213
2020-04-01 10:49:00,57.7,57.76,57.655,57.655,541
2020-04-01 10:52:00,57.59,57.82,57.59,57.605,1711
2020-04-01 10:53:00,57.6,57.7,57.33,57.44,6019
2020-04-01 10:54:00,57.4,58.085,57.4,58.085,1832
2020-04-01 10:56:00,58.09,58.09,58.09,58.09,110
2020-04-01 10:57:00,58.1,58.1,58.1,58.1,87
2020-04-01 10:58:00,58.125,58.125,58.125,58.125,85
2020-04-01 10:59:00,58.125,58.14,58.125,58.14,179
2020-04-01 11:00:00,58.44,58.44,58.44,58.44,100
2020-04-01 11:02:00,58.25,58.25,58.25,58.25,104
2020-04-01 11:03:00,58.315,58.65,58.26,58.55,925
2020-04-01 11:04:00,58.8438,59.38,58.8438,59.38,480
2020-04-01 11:05:00,58.91,58.91,58.91,58.91,290
2020-04-01 11:08:00,58.855,58.97,58.75,58.97,522
2020-04-01 11:09:00,58.99,58.99,58.99,58.99,373
2020-04-01 11:17:00,59.6499,59.6499,58.84,58.84,170
2020-04-01 11:18:00,59.19,59.19,59.057,59.057,178
2020-04-01 11:19:00,58.99,58.99,58.85,58.85,425
2020-04-01 11:20:00,58.86,58.88,58.62,58.62,948
2020-04-01 11:21:00,58.645,58.645,58.31,58.31,1474
2020-04-01 11:22:00,58.31,58.31,58.31,58.31,85
2020-04-01 11:23:00,58.43,58.43,58.43,58.43,365
2020-04-01 11:25:00,58.3989,58.6842,58.3989,58.6842,518
2020-04-01 11:27:00,58.675,58.675,58.1,58.13,840
2020-04-01 11:28:00,58.16,58.16,58.16,58.16,170
2020-04-01 11:30:00,57.96,58.0,57.96,58.0,280
2020-04-01 11:31:00,57.91,58.0,57.81,57.975,1645
2020-04-01 11:32:00,58.09,58.1294,57.83,57.83,824
2020-04-01 11:33:00,58.13,58.335,58.07,58.335,1219
2020-04-01 11:34:00,58.33,58.89,58.33,58.89,187
2020-04-01 11:37:00,58.56,58.56,58.56,58.56,118
2020-04-01 11:39:00,58.86,58.86,58.86,58.86,176
2020-04-01 11:43:00,58.15,58.15,58.15,58.15,89
2020-04-01 11:44:00,58.98,58.98,58.98,58.98,445
2020-04-01 11:48:00,58.73,58.73,58.3,58.3,198
2020-04-01 11:50:00,58.46,58.46,58.46,58.46,170
2020-04-01 11:53:00,58.5,58.5,58.39,58.39,170
2020-04-01 11:54:00,58.545,58.545,58.545,58.545,243
2020-04-01 11:55:00,58.44,58.54,58.416,58.416,666
2020-04-01 11:57:00,58.24,58.24,58.23,58.23,354
2020-04-01 11:58:00,58.205,58.205,58.04,58.04,196
2020-04-01 11:59:00,58.195,58.195,57.94,57.94,1975
2020-04-01 12:00:00,57.66,58.22,57.66,58.22,1809
2020-04-01 12:01:00,57.89,57.89,57.89,57.89,85
2020-04-01 12:02:00,58.14,58.15,58.13,58.13,571
2020-04-01 12:03:00,58.02,58.02,58.02,58.02,170
2020-04-01 12:04:00,58.0,58.1,57.99,58.1,1052
2020-04-01 12:11:00,58.1875,58.1875,58.1875,58.1875,210
2020-04-01 12:13:00,57.5501,57.5501,57.5501,57.5501,332
2020-04-01 12:14:00,58.0,58.0,58.0,58.0,85
2020-04-01 12:17:00,57.76,57.76,57.76,57.76,111
2020-04-01 12:20:00,57.76,57.89,57.555,57.89,998
2020-04-01 12:22:00,58.12,58.12,58.12,58.12,295
2020-04-01 12:24:00,58.38,58.38,58.09,58.35,351
2020-04-01 12:25:00,58.075,58.075,57.87,58.065,340
2020-04-01 12:26:00,57.93,58.3,57.93,58.3,214
2020-04-01 12:29:00,57.93,57.93,57.93,57.93,127
2020-04-01 12:30:00,57.91,58.13,57.67,57.78,3989
2020-04-01 12:31:00,58.01,58.01,57.75,57.75,345
2020-04-01 12:32:00,58.0,58.0,58.0,58.0,170
2020-04-01 12:33:00,58.02,58.03,57.75,58.01,1914
2020-04-01 12:34:00,58.01,58.26,58.01,58.26,603
2020-04-01 12:35:00,58.25,58.26,57.99,58.21,2540
2020-04-01 12:36:00,58.23,58.45,58.23,58.45,538
2020-04-01 12:39:00,58.14,58.14,58.14,58.14,1360
2020-04-01 12:40:00,58.26,58.445,58.25,58.29,1087
2020-04-01 12:41:00,58.54,58.54,58.17,58.17,1856
2020-04-01 12:42:00,58.02,58.06,57.8875,57.8875,810
2020-04-01 12:43:00,57.94,58.37,57.83,58.37,1506
2020-04-01 12:44:00,58.5799,58.5799,58.365,58.365,297
2020-04-01 12:45:00,58.3,58.3,58.015,58.015,1154
2020-04-01 12:46:00,58.03,58.06,57.85,58.06,2033
2020-04-01 12:47:00,57.7994,58.26,57.7994,58.26,2284
2020-04-01 12:48:00,58.08,58.155,58.06,58.06,680
2020-04-01 12:49:00,58.12,58.12,57.83,57.97,1521
2020-04-01 12:50:00,57.9,57.92,57.9,57.91,340
2020-04-01 12:51:00,57.94,57.94,57.76,57.94,343
2020-04-01 12:52:00,57.825,57.94,57.825,57.94,612
2020-04-01 12:53:00,57.51,57.77,57.4667,57.52,780
2020-04-01 12:54:00,57.62,57.865,57.52,57.795,4762
2020-04-01 12:55:00,57.3,57.5,57.29,57.29,635
2020-04-01 12:56:00,57.315,57.91,57.315,57.5895,3947
2020-04-01 12:57:00,57.77,57.77,57.37,57.37,370
2020-04-01 12:58:00,57.51,57.55,57.51,57.55,842
2020-04-01 12:59:00,57.95,57.95,57.62,57.62,2324
2020-04-01 13:00:00,57.52,57.99,57.15,57.58,7102
2020-04-01 13:01:00,57.66,57.69,57.12,57.57,3014
2020-04-01 13:02:00,57.345,57.945,57.345,57.915,5322
2020-04-01 13:03:00,57.55,57.8,57.55,57.79,2683
2020-04-01 13:04:00,57.54,57.75,57.54,57.75,477
2020-04-01 13:05:00,57.63,57.77,57.6205,57.77,986
2020-04-01 13:07:00,57.815,58.0,57.71,58.0,279
2020-04-01 13:08:00,57.79,57.865,57.78,57.86,1745
2020-04-01 13:09:00,57.63,58.09,57.63,58.0,2059
2020-04-01 13:10:00,57.925,58.0,57.895,57.895,677
2020-04-01 13:11:00,57.98,57.98,57.98,57.98,106
2020-04-01 13:12:00,57.71,58.0,57.49,58.0,4414
2020-04-01 13:13:00,58.05,58.05,57.82,57.95,1394
2020-04-01 13:14:00,57.86,58.195,57.86,58.0725,3438
2020-04-01 13:20:00,57.91,57.99,57.91,57.94,361
2020-04-01 13:21:00,58.02,58.12,58.02,58.12,1020
2020-04-01 13:24:00,58.0,58.19,58.0,58.19,991
2020-04-01 13:25:00,58.22,58.22,58.2,58.2,475
2020-04-01 13:26:00,58.42,58.42,58.42,58.42,119
2020-04-01 13:30:00,58.17,58.17,58.17,58.17,127
2020-04-01 13:31:00,58.03,58.03,57.965,57.99,1309
2020-04-01 13:32:00,57.89,58.05,57.89,58.05,710
2020-04-01 13:33:00,58.21,58.25,57.69,57.945,7700
2020-04-01 13:34:00,58.01,58.04,57.98,57.98,1664
2020-04-01 13:35:00,57.94,58.0,57.68,58.0,2413
2020-04-01 13:36:00,58.01,58.02,57.71,57.8,3000
2020-04-01 13:37:00,57.855,57.87,57.78,57.87,1535
2020-04-01 13:38:00,57.96,58.0,57.96,58.0,850
2020-04-01 13:39:00,58.25,58.27,58.2,58.27,340
2020-04-01 13:43:00,58.17,58.17,58.17,58.17,164
2020-04-01 13:44:00,58.44,58.44,58.44,58.44,117
2020-04-01 13:47:00,57.99,57.99,57.91,57.91,178
2020-04-01 13:50:00,58.28,58.28,58.28,58.28,85
2020-04-01 13:51:00,58.21,58.21,58.21,58.21,140
2020-04-01 13:55:00,58.32,58.5,58.21,58.5,1104
2020-04-01 13:56:00,58.32,58.32,58.32,58.32,176
2020-04-01 13:57:00,58.38,58.38,58.38,58.38,503
2020-04-01 13:59:00,58.345,58.345,58.345,58.345,99
2020-04-01 14:00:00,58.4,58.4,58.4,58.4,218
2020-04-01 14:01:00,58.25,58.38,58.22,58.37,1363
2020-04-01 14:02:00,58.36,58.36,58.36,58.36,215
2020-04-01 14:03:00,58.31,58.5,58.31,58.5,697
2020-04-01 14:04:00,58.565,58.61,58.53,58.53,515
2020-04-01 14:05:00,58.5899,58.5899,58.495,58.495,455
2020-04-01 14:06:00,58.275,58.52,58.25,58.52,2265
2020-04-01 14:07:00,58.46,58.46,58.46,58.46,1014
2020-04-01 14:08:00,58.275,58.275,58.11,58.2614,657
2020-04-01 14:09:00,58.35,58.56,58.35,58.5,2265
2020-04-01 14:10:00,58.49,58.49,58.38,58.38,776
2020-04-01 14:11:00,58.29,58.29,58.29,58.29,930
2020-04-01 14:12:00,58.38,58.46,58.3406,58.375,1105
2020-04-01 14:13:00,58.42,58.525,58.31,58.525,546
2020-04-01 14:14:00,58.36,58.38,58.36,58.38,775
2020-04-01 14:15:00,58.3,58.3,57.9,58.0,2513
2020-04-01 14:16:00,58.0,58.0,57.9,57.955,1181
2020-04-01 14:17:00,57.9,57.975,57.85,57.88,1448
2020-04-01 14:18:00,57.8,58.2763,57.8,58.025,2622
2020-04-01 14:19:00,58.0,58.03,58.0,58.03,1012
2020-04-01 14:20:00,58.2,58.2,58.09,58.19,595
2020-04-01 14:21:00,58.19,58.19,58.045,58.045,1045
2020-04-01 14:22:00,58.02,58.14,57.98,58.14,2542
2020-04-01 14:23:00,58.24,58.24,58.24,58.24,856
2020-04-01 14:24:00,58.22,58.22,58.22,58.22,141
2020-04-01 14:25:00,58.01,58.01,57.85,57.98,1576
2020-04-01 14:26:00,58.03,58.05,57.91,57.95,808
2020-04-01 14:27:00,57.97,58.0,57.95,58.0,1711
2020-04-01 14:28:00,57.96,58.27,57.96,58.2,2241
2020-04-01 14:29:00,58.06,58.07,58.04,58.04,743
2020-04-01 14:30:00,58.05,58.05,58.04,58.04,714
2020-04-01 14:31:00,58.01,58.14,57.8,57.8,7735
2020-04-01 14:32:00,57.935,58.0,57.86,57.99,2243
2020-04-01 14:33:00,57.965,58.075,57.965,58.075,885
2020-04-01 14:34:00,58.05,58.3,58.05,58.23,2347
2020-04-01 14:35:00,58.36,58.36,58.0645,58.0645,914
2020-04-01 14:36:00,58.21,58.21,58.21,58.21,153
2020-04-01 14:38:00,58.01,58.01,58.01,58.01,198
2020-04-01 14:39:00,58.03,58.03,57.95,57.95,340
2020-04-01 14:40:00,57.91,57.91,57.91,57.91,89
2020-04-01 14:41:00,57.94,58.0,57.94,58.0,170
2020-04-01 14:42:00,57.96,58.0,57.9,57.9,465
2020-04-01 14:44:00,57.995,57.995,57.995,57.995,189
2020-04-01 14:45:00,58.0,58.23,58.0,58.23,1499
2020-04-01 14:46:00,58.285,58.285,58.15,58.15,2534
2020-04-01 14:47:00,58.15,58.38,58.15,58.38,1991
2020-04-01 14:48:00,58.33,58.35,58.27,58.3,2558
2020-04-01 14:50:00,58.31,58.4962,58.31,58.355,592
2020-04-01 14:52:00,58.3648,58.3648,58.3648,58.3648,528
2020-04-01 14:54:00,58.15,58.39,58.15,58.205,595
2020-04-01 14:55:00,58.04,58.385,58.0,58.385,2231
2020-04-01 14:56:00,58.1,58.15,58.06,58.15,680
2020-04-01 14:57:00,58.11,58.11,57.85,57.85,1300
2020-04-01 14:58:00,57.94,58.005,57.74,57.84,7021
2020-04-01 14:59:00,57.945,58.2,57.89,58.08,4717
2020-04-01 15:00:00,58.05,58.05,57.02,57.03,5878
2020-04-01 15:01:00,57.02,57.81,57.01,57.56,3010
2020-04-01 15:02:00,57.71,57.72,57.66,57.66,1678
2020-04-01 15:03:00,57.7,57.99,57.7,57.9,5241
2020-04-01 15:04:00,57.9,57.98,57.62,57.7,3598
2020-04-01 15:05:00,57.54,58.0,57.54,58.0,5950
2020-04-01 15:06:00,58.0,58.0,57.81,57.94,3816
2020-04-01 15:07:00,57.82,57.97,57.78,57.97,3055
2020-04-01 15:08:00,57.85,58.08,57.81,57.925,9106
2020-04-01 15:09:00,57.9108,58.6448,57.5598,57.9208,5542
2020-04-01 15:10:00,57.945,58.295,57.945,58.0,2384
2020-04-01 15:11:00,58.1,58.395,58.1,58.395,850
2020-04-01 15:12:00,58.235,58.25,58.235,58.25,195
2020-04-01 15:13:00,58.12,58.245,58.01,58.245,553
2020-04-01 15:14:00,58.11,58.2,57.935,57.935,1148
2020-04-01 15:15:00,57.94,57.975,57.94,57.975,469
2020-04-01 15:16:00,58.0023,58.2,58.0023,58.2,1531
2020-04-01 15:17:00,58.145,58.21,58.05,58.21,425
2020-04-01 15:18:00,58.16,58.16,58.16,58.16,101
2020-04-01 15:19:00,58.08,58.08,58.08,58.08,85
2020-04-01 15:20:00,58.08,58.08,58.06,58.06,204
2020-04-01 15:21:00,58.07,58.12,58.055,58.055,375
2020-04-01 15:22:00,57.955,58.16,57.955,57.97,430
2020-04-01 15:24:00,58.15,58.15,58.15,58.15,268
2020-04-01 15:25:00,58.14,58.14,57.82,57.93,2102
2020-04-01 15:26:00,57.9216,58.5889,57.8268,58.0667,2641
2020-04-01 15:28:00,57.98,57.98,57.98,57.98,87
2020-04-01 15:29:00,58.05,58.09,58.01,58.05,641
2020-04-01 15:30:00,58.1,58.305,58.1,58.29,1432
2020-04-01 15:31:00,58.26,58.4,58.26,58.4,255
2020-04-01 15:32:00,58.47,58.47,58.46,58.46,188
2020-04-01 15:33:00,58.45,58.91,58.45,58.64,770
2020-04-01 15:34:00,58.76,58.9,58.76,58.9,583
2020-04-01 15:35:00,58.9,59.19,58.855,58.99,857
2020-04-01 15:36:00,59.09,59.09,58.61,58.755,1363
2020-04-01 15:37:00,58.62,58.62,58.61,58.61,351
2020-04-01 15:38:00,58.1001,58.72,58.1001,58.72,344
2020-04-01 15:39:00,58.76,58.76,58.74,58.74,170
2020-04-01 15:40:00,58.48,58.62,58.37,58.62,633
2020-04-01 15:41:00,58.25,58.6,58.25,58.57,566
2020-04-01 15:42:00,58.54,58.97,58.54,58.97,1752
2020-04-01 15:43:00,58.93,58.93,58.515,58.79,557
2020-04-01 15:44:00,58.65,58.78,58.64,58.64,390
2020-04-01 15:45:00,58.73,58.84,58.5,58.84,1619
2020-04-01 15:46:00,58.56,58.82,58.49,58.57,864
2020-04-01 15:47:00,58.8,59.01,58.52,59.01,1449
2020-04-01 15:48:00,59.11,59.12,58.9,59.12,763
2020-04-01 15:49:00,59.08,59.08,58.78,58.78,2338
2020-04-01 15:50:00,58.555,58.555,58.555,58.555,106
2020-04-01 15:51:00,58.55,58.89,58.335,58.89,3312
2020-04-01 15:52:00,58.895,59.22,58.895,59.16,865
2020-04-01 15:53:00,59.08,59.08,58.66,58.95,1646
2020-04-01 15:54:00,58.97,59.0,58.77,59.0,2315
2020-04-01 15:55:00,59.09,59.09,58.76,58.89,1645
2020-04-01 15:56:00,58.81,58.89,58.45,58.45,2667
2020-04-01 15:57:00,58.405,58.97,58.405,58.97,3320
2020-04-01 15:58:00,58.73,58.82,58.14,58.15,3542
2020-04-01 15:59:00,58.15,58.62,57.8,57.8,3710
2020-04-01 16:00:00,57.8,58.46,57.8,58.0,6227
2020-04-02 09:31:00,58.12,58.12,57.2144,57.2144,834
2020-04-02 09:32:00,56.8957,56.8957,56.8957,56.8957,249
2020-04-02 09:34:00,56.81,56.81,56.81,56.81,102
2020-04-02 09:39:00,56.81,56.81,56.81,56.81,206
2020-04-02 09:40:00,56.81,57.8473,56.81,57.48,607
2020-04-02 09:42:00,57.785,57.785,57.52,57.52,1984
2020-04-02 09:43:00,57.43,57.48,57.26,57.41,2342
2020-04-02 09:46:00,57.27,57.675,56.81,57.56,2805
2020-04-02 09:47:00,57.66,57.775,57.2,57.275,5869
2020-04-02 09:48:00,57.21,57.56,57.18,57.18,2759
2020-04-02 09:49:00,57.505,57.505,57.27,57.27,4297
2020-04-02 09:50:00,57.37,57.37,57.37,57.37,416
2020-04-02 09:51:00,57.17,57.37,57.17,57.37,1249
2020-04-02 09:52:00,57.45,57.565,57.4,57.55,1695
2020-04-02 09:53:00,57.3736,57.3736,57.3,57.3,380
2020-04-02 09:54:00,57.54,57.69,57.54,57.56,429
2020-04-02 09:55:00,57.31,57.31,57.31,57.31,237
2020-04-02 09:58:00,57.2963,57.2963,57.2963,57.2963,1088
2020-04-02 09:59:00,57.43,57.99,57.43,57.64,1285
2020-04-02 10:00:00,57.64,57.845,57.64,57.845,614
2020-04-02 10:05:00,57.79,57.79,57.79,57.79,89
2020-04-02 10:06:00,57.91,57.91,57.91,57.91,171
2020-04-02 10:09:00,58.0,58.22,58.0,58.22,1161
2020-04-02 10:10:00,58.1952,58.53,58.1952,58.53,415
2020-04-02 10:11:00,59.04,59.04,58.5246,58.5246,458
2020-04-02 10:12:00,59.06,59.06,59.06,59.06,340
2020-04-02 10:13:00,58.6782,58.6782,58.6782,58.6782,1700
2020-04-02 10:14:00,59.13,59.13,58.91,58.91,254
2020-04-02 10:17:00,59.112,59.112,59.112,59.112,1708
2020-04-02 10:18:00,58.7052,58.7052,58.7052,58.7052,437
2020-04-02 10:19:00,59.15,59.15,58.875,58.875,170
2020-04-02 10:21:00,59.14,59.14,58.88,59.125,735
2020-04-02 10:22:00,58.88,58.88,58.88,58.88,85
2020-04-02 10:23:00,59.08,59.08,58.925,58.925,170
2020-04-02 10:24:00,58.925,58.93,58.776,58.93,289
2020-04-02 10:26:00,59.07,59.39,59.005,59.205,3800
2020-04-02 10:30:00,59.4,59.85,59.4,59.82,4890
2020-04-02 10:31:00,59.7215,59.85,59.7215,59.74,894
2020-04-02 10:32:00,59.78,59.9,59.78,59.9,3225
2020-04-02 10:33:00,59.91,59.91,59.91,59.91,884
2020-04-02 10:34:00,59.89,59.89,59.89,59.89,89
2020-04-02 10:35:00,60.0,60.0,60.0,60.0,0
2020-04-02 10:36:00,59.99,60.35,59.99,60.35,55442
2020-04-02 10:37:00,60.26,60.26,60.22,60.22,1301
2020-04-02 10:38:00,60.42,60.5,60.21,60.21,1377
2020-04-02 10:40:00,60.4999,60.65,60.46,60.65,2266
2020-04-02 10:41:00,60.64,60.64,60.55,60.55,264
2020-04-02 10:42:00,60.46,60.49,60.1,60.1,1857
2020-04-02 10:45:00,60.43,60.43,60.43,60.43,177
2020-04-02 10:50:00,60.4,60.4,59.97,60.035,411
2020-04-02 10:52:00,59.71,59.85,59.64,59.64,2062
2020-04-02 10:53:00,59.6,59.6,59.6,59.6,0
2020-04-02 10:55:00,59.6,59.6,59.6,59.6,0
2020-04-02 10:57:00,59.9,59.9,59.89,59.9,66499
2020-04-02 11:00:00,60.05,60.06,60.05,60.06,686
2020-04-02 11:03:00,59.985,59.985,59.985,59.985,85
2020-04-02 11:08:00,59.985,59.985,59.985,59.985,170
2020-04-02 11:12:00,59.985,59.985,59.985,59.985,429
2020-04-02 11:13:00,59.985,59.985,59.985,59.985,93
2020-04-02 11:15:00,59.77,59.84,59.54,59.59,1422
2020-04-02 11:16:00,59.63,59.63,59.63,59.63,297
2020-04-02 11:17:00,59.81,59.86,59.81,59.86,800
2020-04-02 11:19:00,60.06,60.09,59.88,60.09,344
2020-04-02 11:20:00,60.0,60.01,59.99,60.01,402
2020-04-02 11:21:00,60.01,60.01,60.0,60.0,404
2020-04-02 11:22:00,59.915,59.915,59.915,59.915,85
2020-04-02 11:23:00,60.19,60.19,60.095,60.095,16722
2020-04-02 11:25:00,60.19,60.19,60.07,60.07,1830
2020-04-02 11:26:00,60.07,60.07,60.07,60.07,85
2020-04-02 11:28:00,60.22,60.22,60.22,60.22,85
2020-04-02 11:29:00,60.17,60.17,60.125,60.125,682
2020-04-02 11:30:00,60.13,60.13,60.13,60.13,212
2020-04-02 11:31:00,59.91,60.04,59.89,59.9,969
2020-04-02 11:32:00,59.73,59.73,59.73,59.73,102
2020-04-02 11:33:00,59.73,59.74,59.73,59.74,170
2020-04-02 11:34:00,59.74,60.0,59.74,60.0,170
2020-04-02 11:35:00,59.78,59.78,59.745,59.745,350
2020-04-02 11:37:00,59.745,59.745,59.745,59.745,94
2020-04-02 11:39:00,59.775,59.775,59.4,59.46,1115
2020-04-02 11:40:00,59.505,59.505,59.505,59.505,131
2020-04-02 11:42:00,59.515,59.515,59.515,59.515,212
2020-04-02 11:43:00,59.43,59.495,59.41,59.41,365
2020-04-02 11:44:00,59.84,59.84,59.84,59.84,289
2020-04-02 11:45:00,59.9,59.9,59.645,59.645,828
2020-04-02 11:46:00,59.87,59.88,59.87,59.88,222
2020-04-02 11:47:00,59.78,59.88,59.67,59.82,2065
2020-04-02 11:48:00,59.72,59.72,59.72,59.72,556
2020-04-02 11:49:00,59.95,59.95,59.95,59.95,680
2020-04-02 11:50:00,59.95,59.98,59.95,59.98,255
2020-04-02 11:53:00,59.28,59.28,59.27,59.27,344
2020-04-02 11:55:00,59.9,59.9,59.32,59.32,710
2020-04-02 11:56:00,59.185,59.51,59.185,59.415,2048
2020-04-02 11:57:00,59.595,59.595,59.595,59.595,102
2020-04-02 11:58:00,59.76,59.76,59.7121,59.7121,1228
2020-04-02 12:00:00,59.8,59.8,59.72,59.72,1615
2020-04-02 12:01:00,59.79,59.79,59.325,59.35,1069
2020-04-02 12:02:00,59.345,59.64,59.01,59.48,2633
2020-04-02 12:04:00,59.36,59.77,59.36,59.6,2397
2020-04-02 12:05:00,59.65,59.65,59.55,59.55,1499
2020-04-02 12:06:00,59.3,59.8,59.3,59.63,2771
2020-04-02 12:07:00,59.605,59.67,59.353,59.353,620
2020-04-02 12:08:00,59.33,59.48,59.33,59.349,272
2020-04-02 12:09:00,59.35,59.52,58.96,58.98,2526
2020-04-02 12:11:00,59.045,59.12,59.045,59.12,1445
2020-04-02 12:12:00,59.34,59.42,59.15,59.42,870
2020-04-02 12:13:00,59.515,59.515,59.515,59.515,688
2020-04-02 12:14:00,59.575,59.575,59.37,59.37,2246
2020-04-02 12:17:00,59.4475,59.5151,59.4475,59.5151,1031
2020-04-02 12:18:00,59.1985,59.1985,59.125,59.125,270
2020-04-02 12:20:00,59.43,59.46,59.43,59.46,385
2020-04-02 12:21:00,59.36,59.44,59.35,59.44,1325
2020-04-02 12:22:00,59.475,59.475,59.475,59.475,85
2020-04-02 12:23:00,59.54,59.54,58.89,58.89,690
2020-04-02 12:24:00,59.15,59.59,59.15,59.59,779
2020-04-02 12:25:00,59.46,59.46,59.35,59.35,561
2020-04-02 12:26:00,59.57,59.57,59.36,59.36,500
2020-04-02 12:27:00,59.3298,59.3298,59.3298,59.3298,312
2020-04-02 12:32:00,59.58,59.59,59.4,59.4,646
2020-04-02 12:33:00,59.38,59.49,59.12,59.12,521
2020-04-02 12:37:00,58.82,58.82,58.82,58.82,85
2020-04-02 12:38:00,59.13,59.15,59.105,59.105,314
2020-04-02 12:40:00,59.31,59.41,59.19,59.41,2691
2020-04-02 12:41:00,59.46,59.46,59.46,59.46,319
2020-04-02 12:42:00,59.44,59.44,59.255,59.415,1009
2020-04-02 12:43:00,59.64,59.64,59.4,59.4,3880
2020-04-02 12:47:00,59.44,59.6,59.38,59.38,1221
2020-04-02 12:48:00,59.34,59.51,59.34,59.46,1650
2020-04-02 12:50:00,59.44,59.51,59.44,59.48,2618
2020-04-02 12:51:00,59.6,59.6,59.49,59.49,397
2020-04-02 12:54:00,59.23,59.49,59.23,59.49,1724
2020-04-02 12:55:00,59.56,59.71,59.54,59.54,1880
2020-04-02 12:59:00,59.99,60.0,59.71,60.0,5559
2020-04-02 13:00:00,60.0,60.0,60.0,60.0,2439
2020-04-02 13:06:00,59.92,60.03,59.8205,59.8205,1637
2020-04-02 13:07:00,59.84,59.84,59.84,59.84,117
2020-04-02 13:08:00,59.8,59.8,59.675,59.675,340
2020-04-02 13:11:00,59.64,59.64,59.64,59.64,175
2020-04-02 13:14:00,59.88,59.88,59.88,59.88,85
2020-04-02 13:15:00,59.89,59.89,59.89,59.89,393
2020-04-02 13:17:00,59.66,59.67,59.52,59.52,300
2020-04-02 13:21:00,59.38,59.38,59.38,59.38,102
2020-04-02 13:22:00,59.19,59.3,59.14,59.3,2078
2020-04-02 13:23:00,59.21,59.39,59.21,59.29,2829
2020-04-02 13:25:00,59.21,59.24,59.21,59.24,238
2020-04-02 13:26:00,59.36,59.37,59.14,59.14,259
2020-04-02 13:27:00,59.24,59.38,59.23,59.23,4668
2020-04-02 13:28:00,59.34,59.34,59.22,59.25,2003
2020-04-02 13:29:00,59.22,59.22,59.22,59.22,127
2020-04-02 13:30:00,59.08,59.1,58.93,58.93,566
2020-04-02 13:31:00,58.95,58.95,58.79,58.79,255
2020-04-02 13:35:00,58.8,58.8,58.8,58.8,305
2020-04-02 13:38:00,58.73,58.86,58.73,58.86,573
2020-04-02 13:39:00,58.88,58.88,58.88,58.88,110
2020-04-02 13:41:00,59.11,59.57,59.08,59.57,1453
2020-04-02 13:42:00,59.88,59.88,59.88,59.88,605
2020-04-02 13:43:00,60.13,60.13,60.13,60.13,85
2020-04-02 13:44:00,60.05,60.15,60.05,60.15,204
2020-04-02 13:45:00,60.14,60.5,60.0,60.26,4692
2020-04-02 13:46:00,60.25,60.37,60.015,60.015,2329
2020-04-02 13:47:00,60.03,60.2194,59.99,60.11,1879
2020-04-02 13:48:00,60.05,60.05,60.05,60.05,85
2020-04-02 13:49:00,59.865,59.865,59.8,59.8,850
2020-04-02 13:52:00,59.78,59.78,59.74,59.76,548
2020-04-02 13:54:00,59.6803,59.6803,59.51,59.55,755
2020-04-02 13:55:00,59.62,59.73,59.56,59.7,2781
2020-04-02 13:56:00,59.7,60.35,59.7,60.16,7789
2020-04-02 13:57:00,60.155,60.1832,60.155,60.1832,500
2020-04-02 13:58:00,60.025,60.025,59.865,59.9,1030
2020-04-02 13:59:00,59.88,59.91,59.85,59.91,327
2020-04-02 14:01:00,59.58,59.68,59.54,59.68,1908
2020-04-02 14:02:00,59.47,60.01,59.45,60.01,1320
2020-04-02 14:03:00,59.705,60.05,59.705,60.0,4125
2020-04-02 14:04:00,59.74,59.74,59.53,59.61,503
2020-04-02 14:06:00,59.89,59.89,59.89,59.89,100
2020-04-02 14:09:00,59.42,59.44,59.42,59.43,626
2020-04-02 14:10:00,59.51,59.51,59.51,59.51,96
2020-04-02 14:11:00,59.24,59.26,59.19,59.19,604
2020-04-02 14:14:00,58.965,58.98,58.8,58.98,2085
2020-04-02 14:15:00,59.06,59.435,58.8,59.3,3843
2020-04-02 14:17:00,59.2,59.2,59.2,59.2,883
2020-04-02 14:18:00,58.96,58.9898,58.78,58.9898,369
2020-04-02 14:19:00,58.89,59.03,58.89,58.9,1195
2020-04-02 14:20:00,58.71,58.9,58.71,58.9,191
2020-04-02 14:22:00,58.76,58.99,58.76,58.99,1728
2020-04-02 14:23:00,59.05,59.05,58.9,58.9,2527
2020-04-02 14:25:00,58.84,58.85,58.84,58.85,884
2020-04-02 14:26:00,58.89,58.98,58.89,58.98,1458
2020-04-02 14:27:00,58.97,59.04,58.96,59.04,710
2020-04-02 14:30:00,59.22,59.25,59.12,59.25,2170
2020-04-02 14:31:00,59.4,59.4,59.295,59.295,1634
2020-04-02 14:32:00,59.3,59.3,59.3,59.3,370
2020-04-02 14:33:00,59.32,59.57,59.32,59.57,684
2020-04-02 14:38:00,59.61,59.61,59.61,59.61,327
2020-04-02 14:42:00,59.29,59.29,59.29,59.29,344
2020-04-02 14:43:00,59.38,59.38,59.38,59.38,85
2020-04-02 14:44:00,59.495,59.5,59.495,59.5,289
2020-04-02 14:46:00,59.4,59.4,59.24,59.36,1289
2020-04-02 14:48:00,59.3,59.3,59.3,59.3,85
2020-04-02 14:49:00,59.3,59.3,59.3,59.3,85
2020-04-02 14:51:00,59.3,59.3,59.3,59.3,85
2020-04-02 14:52:00,59.29,59.29,59.255,59.255,184
2020-04-02 14:53:00,59.25,59.25,59.25,59.25,151
2020-04-02 14:54:00,59.18,59.18,59.18,59.18,179
2020-04-02 14:56:00,59.35,59.35,59.1,59.1,2646
2020-04-02 14:57:00,59.36,59.39,59.31,59.36,1178
2020-04-02 14:58:00,59.17,59.38,59.17,59.38,2696
2020-04-02 14:59:00,59.65,59.65,59.65,59.65,243
2020-04-02 15:02:00,59.69,59.69,59.69,59.69,85
2020-04-02 15:03:00,59.66,59.66,59.23,59.23,170
2020-04-02 15:04:00,59.592,59.592,59.235,59.235,375
2020-04-02 15:06:00,59.65,59.65,59.21,59.21,263
2020-04-02 15:07:00,59.4,59.6,59.26,59.45,2551
2020-04-02 15:08:00,59.57,59.5994,59.57,59.5994,225
2020-04-02 15:09:00,59.5,59.5,59.405,59.41,2159
2020-04-02 15:10:00,59.6,59.6,59.6,59.6,265
2020-04-02 15:12:00,59.4,59.4,59.4,59.4,85
2020-04-02 15:13:00,59.71,59.71,59.71,59.71,209
2020-04-02 15:16:00,59.27,59.6,59.27,59.42,773
2020-04-02 15:17:00,59.56,59.56,59.23,59.23,393
2020-04-02 15:18:00,59.59,59.59,59.59,59.59,85
2020-04-02 15:22:00,59.555,59.555,59.555,59.555,85
2020-04-02 15:25:00,59.72,59.72,59.72,59.72,209
2020-04-02 15:26:00,59.37,59.75,59.37,59.75,260
2020-04-02 15:27:00,59.515,59.515,59.515,59.515,111
2020-04-02 15:31:00,59.69,59.83,59.36,59.83,3596
2020-04-02 15:34:00,59.78,59.93,59.78,59.93,272
2020-04-02 15:36:00,59.76,59.76,59.76,59.76,273
2020-04-02 15:37:00,59.76,59.93,59.7,59.7,2720
2020-04-02 15:40:00,59.82,59.93,59.55,59.68,4903
2020-04-02 15:42:00,59.66,59.7,59.52,59.555,595
2020-04-02 15:43:00,59.61,59.64,59.61,59.635,1284
2020-04-02 15:44:00,59.55,59.9,59.55,59.57,515
2020-04-02 15:45:00,59.86,59.86,59.71,59.85,912
2020-04-02 15:46:00,59.91,60.145,59.91,60.0,5308
2020-04-02 15:47:00,59.98,60.04,59.93,59.93,634
2020-04-02 15:48:00,59.835,59.835,59.835,59.835,85
2020-04-02 15:49:00,59.76,59.975,59.67,59.67,970
2020-04-02 15:50:00,59.955,59.955,59.955,59.955,85
2020-04-02 15:51:00,59.98,60.05,59.59,59.89,6011
2020-04-02 15:52:00,59.83,60.045,59.83,60.045,1609
2020-04-02 15:53:00,60.0,60.09,59.97,59.97,1225
2020-04-02 15:54:00,60.0,60.0,59.8,59.8,1623
2020-04-02 15:55:00,59.96,60.0,59.68,59.68,838
2020-04-02 15:56:00,59.81,59.81,59.81,59.81,432
2020-04-02 15:57:00,59.995,60.0,59.835,59.995,1062
2020-04-02 15:58:00,59.74,59.985,59.74,59.985,493
2020-04-02 15:59:00,59.99,59.99,59.71,59.855,3005
2020-04-02 16:00:00,59.99,60.04,59.8,60.01,3175
2020-04-03 09:31:00,59.45,59.45,59.45,59.45,0
2020-04-03 09:33:00,58.91,59.31,58.85,59.31,2793
2020-04-03 09:34:00,59.28,59.28,59.23,59.23,2023
2020-04-03 09:35:00,59.29,59.29,59.16,59.16,960
2020-04-03 09:37:00,59.1,59.1,59.1,59.1,688
2020-04-03 09:38:00,59.23,59.23,59.23,59.23,85
2020-04-03 09:39:00,59.1,59.1,58.97,58.97,1122
2020-04-03 09:40:00,59.31,59.48,59.31,59.48,425
2020-04-03 09:41:00,59.2,59.2,58.78,58.78,2260
2020-04-03 09:42:00,58.82,58.82,58.82,58.82,187
2020-04-03 09:43:00,58.84,58.84,58.6,58.77,2255
2020-04-03 09:44:00,58.5936,59.02,58.56,59.02,2702
2020-04-03 09:45:00,59.1,59.1,59.1,59.1,189
2020-04-03 09:46:00,59.15,59.21,58.92,59.21,1377
2020-04-03 09:47:00,59.1,59.16,58.91,59.16,4182
2020-04-03 09:48:00,58.96,58.96,58.91,58.91,226
2020-04-03 09:49:00,58.77,58.84,58.6,58.82,2970
2020-04-03 09:51:00,58.95,58.96,58.95,58.96,352
2020-04-03 09:53:00,58.94,58.94,58.94,58.94,1360
2020-04-03 09:55:00,58.85,59.0,58.85,59.0,1297
2020-04-03 09:56:00,59.21,59.21,59.19,59.19,1946
2020-04-03 09:57:00,59.02,59.02,59.02,59.02,114
2020-04-03 09:58:00,59.1,59.1,58.97,58.97,937
2020-04-03 09:59:00,59.02,59.04,58.6846,58.6846,1112
2020-04-03 10:00:00,58.9,58.9,58.9,58.9,155
2020-04-03 10:01:00,59.0,59.15,58.96,59.15,1593
2020-04-03 10:03:00,58.965,58.965,58.965,58.965,170
2020-04-03 10:06:00,58.8177,59.2,58.61,59.0,765
2020-04-03 10:07:00,59.82,59.82,59.82,59.82,85
2020-04-03 10:08:00,59.255,59.255,58.9,58.9,170
2020-04-03 10:09:00,59.33,59.33,59.33,59.33,85
2020-04-03 10:11:00,59.0155,59.33,59.0155,59.33,263
2020-04-03 10:13:00,59.34,59.34,59.34,59.34,185
2020-04-03 10:16:00,59.29,59.29,59.29,59.29,157
2020-04-03 10:17:00,59.18,59.18,59.02,59.04,3326
2020-04-03 10:18:00,59.1,59.1,59.1,59.1,484
2020-04-03 10:19:00,58.8939,58.8939,58.8939,58.8939,425
2020-04-03 10:20:00,59.28,59.32,59.28,59.32,170
2020-04-03 10:21:00,59.33,59.5,59.33,59.5,255
2020-04-03 10:27:00,59.88,59.88,59.88,59.88,85
2020-04-03 10:29:00,59.86,59.86,59.37,59.37,633
2020-04-03 10:30:00,59.1783,59.61,59.1783,59.6,1819
2020-04-03 10:31:00,59.545,59.545,59.5402,59.545,1904
2020-04-03 10:32:00,59.67,59.67,59.67,59.67,264
2020-04-03 10:33:00,59.35,59.53,59.35,59.53,1269
2020-04-03 10:34:00,59.675,59.9,59.5,59.5,2873
2020-04-03 10:35:00,58.63,59.53,58.63,59.42,5185
2020-04-03 10:36:00,59.51,59.65,59.51,59.51,4721
2020-04-03 10:37:00,59.54,59.54,59.38,59.38,2129
2020-04-03 10:38:00,59.41,59.41,59.41,59.41,170
2020-04-03 10:40:00,59.77,59.77,59.77,59.77,221
2020-04-03 10:42:00,59.75,59.75,59.75,59.75,100
2020-04-03 10:45:00,59.81,59.81,59.81,59.81,85
2020-04-03 10:47:00,59.67,59.67,59.13,59.13,263
2020-04-03 10:48:00,59.41,59.57,59.32,59.32,883
2020-04-03 10:50:00,59.6697,59.6697,59.6697,59.6697,109
2020-04-03 10:52:00,59.71,59.71,59.71,59.71,4250
2020-04-03 10:53:00,60.0,60.0,60.0,60.0,93
2020-04-03 10:55:00,59.725,60.01,59.725,59.745,2046
2020-04-03 10:56:00,59.75,59.75,59.75,59.75,231
2020-04-03 10:59:00,59.555,59.85,59.555,59.85,390
2020-04-03 11:00:00,59.88,59.92,59.77,59.85,728
2020-04-03 11:01:00,59.85,59.85,59.81,59.81,255
2020-04-03 11:02:00,59.8,59.81,59.565,59.565,255
2020-04-03 11:03:00,59.555,59.97,59.555,59.97,192
2020-04-03 11:04:00,59.555,59.555,59.555,59.555,91
2020-04-03 11:05:00,59.55,59.55,59.54,59.54,508
2020-04-03 11:07:00,59.15,59.15,59.15,59.15,89
2020-04-03 11:08:00,59.6157,60.3239,59.5414,59.7607,2129
2020-04-03 11:10:00,59.39,59.56,59.39,59.39,6021
2020-04-03 11:11:00,59.31,59.59,59.31,59.45,1079
2020-04-03 11:13:00,59.53,59.53,59.22,59.3,876
2020-04-03 11:14:00,59.29,59.5,59.22,59.5,1695
2020-04-03 11:15:00,59.5,59.5,59.5,59.5,283
2020-04-03 11:18:00,59.93,59.93,59.93,59.93,85
2020-04-03 11:19:00,59.347,59.49,59.347,59.49,266
2020-04-03 11:21:00,59.3,59.3,59.3,59.3,85
2020-04-03 11:22:00,59.49,59.83,59.49,59.83,2492
2020-04-03 11:23:00,59.93,60.03,59.93,60.03,770
2020-04-03 11:24:00,60.14,60.14,60.015,60.015,476
2020-04-03 11:25:00,60.19,60.25,59.99,59.99,1170
2020-04-03 11:26:00,59.58,59.92,58.8092,58.8092,480
2020-04-03 11:27:00,59.82,60.06,59.81,60.06,697
2020-04-03 11:28:00,60.07,60.07,59.62,59.84,1160
2020-04-03 11:29:00,60.08,60.19,60.0,60.0,623
2020-04-03 11:31:00,60.0,60.0,60.0,60.0,170
2020-04-03 11:32:00,59.96,59.96,59.96,59.96,89
2020-04-03 11:33:00,60.0,60.0,60.0,60.0,85
2020-04-03 11:34:00,59.8028,59.8028,59.8028,59.8028,85
2020-04-03 11:36:00,59.96,59.96,59.8838,59.8838,510
2020-04-03 11:37:00,59.945,59.945,59.945,59.945,85
2020-04-03 11:38:00,59.97,59.97,59.97,59.97,85
2020-04-03 11:39:00,60.0,60.0,60.0,60.0,18926
2020-04-03 11:40:00,60.18,60.18,59.945,60.01,884
2020-04-03 11:41:00,60.24,60.24,59.0901,59.0901,450
2020-04-03 11:42:00,59.6,59.6,59.6,59.6,97
2020-04-03 11:43:00,59.85,60.0,59.85,60.0,976
2020-04-03 11:44:00,60.08,60.09,59.92,60.09,714
2020-04-03 11:45:00,60.105,60.105,60.05,60.06,613
2020-04-03 11:50:00,60.0299,60.07,60.02,60.02,638
2020-04-03 11:51:00,60.22,60.22,60.22,60.22,102
2020-04-03 11:53:00,60.24,60.25,60.24,60.25,236
2020-04-03 11:56:00,59.867,59.867,59.867,59.867,328
2020-04-03 11:58:00,59.87,60.1,59.87,60.1,295
2020-04-03 11:59:00,60.28,60.28,60.28,60.28,204
2020-04-03 12:00:00,60.27,60.32,60.27,60.32,219
2020-04-03 12:02:00,59.73,60.35,59.73,60.35,1282
2020-04-03 12:04:00,60.33,60.33,60.0,60.0,510
2020-04-03 12:05:00,59.3062,60.33,59.3062,60.28,3740
2020-04-03 12:07:00,60.33,60.33,60.33,60.33,0
2020-04-03 12:09:00,60.27,60.27,60.13,60.27,124870
2020-04-03 12:11:00,60.3,60.65,59.93,59.93,4006
2020-04-03 12:12:00,60.56,60.75,60.5,60.5,1555
2020-04-03 12:13:00,60.81,60.81,60.81,60.81,86
2020-04-03 12:16:00,60.79,60.79,60.79,60.79,89
2020-04-03 12:17:00,60.8,60.8,60.62,60.715,1193
2020-04-03 12:18:00,60.715,61.4,60.715,61.4,4587
2020-04-03 12:19:00,61.03,61.04,61.03,61.04,538
2020-04-03 12:20:00,61.07,61.4,60.71,61.2,6044
2020-04-03 12:21:00,61.2,61.38,61.14,61.22,3981
2020-04-03 12:22:00,61.18,61.22,60.95,61.1205,7969
2020-04-03 12:23:00,61.16,61.22,61.1,61.22,1654
2020-04-03 12:24:00,60.227,60.227,60.227,60.227,194
2020-04-03 12:28:00,61.0,61.0,60.675,60.675,686
2020-04-03 12:29:00,60.52,61.03,60.52,61.03,481
2020-04-03 12:30:00,61.1379,61.1379,61.0,61.0,1401
2020-04-03 12:31:00,60.4887,60.4887,60.4887,60.4887,213
2020-04-03 12:33:00,60.535,61.01,60.535,61.0,574
2020-04-03 12:34:00,61.01,61.02,60.94,61.0,1514
2020-04-03 12:35:00,61.2,61.2,61.2,61.2,170
2020-04-03 12:37:00,60.655,60.655,60.655,60.655,93
2020-04-03 12:42:00,60.655,60.655,60.655,60.655,212
2020-04-03 12:43:00,61.2061,61.7829,60.8944,61.2061,553
2020-04-03 12:45:00,60.765,60.765,60.625,60.625,170
2020-04-03 12:46:00,61.19,61.19,61.19,61.19,85
2020-04-03 12:49:00,61.01,61.01,60.625,60.625,170
2020-04-03 12:51:00,60.53,61.1,60.53,60.71,2997
2020-04-03 12:52:00,60.9,60.9,60.59,60.75,672
2020-04-03 12:54:00,61.03,61.03,60.99,61.0,340
2020-04-03 12:55:00,61.0,61.03,61.0,61.03,212
2020-04-03 12:59:00,60.7375,60.7375,60.7375,60.7375,340
2020-04-03 13:00:00,61.0,61.0,61.0,61.0,136
2020-04-03 13:01:00,61.0,61.18,60.98,61.18,3123
2020-04-03 13:02:00,61.0,61.11,61.0,61.0,510
2020-04-03 13:03:00,61.1,61.11,61.0,61.0,1439
2020-04-03 13:04:00,61.19,61.19,61.19,61.19,90
2020-04-03 13:06:00,61.015,61.14,61.015,61.015,688
2020-04-03 13:07:00,60.88,60.9994,60.725,60.9994,1020
2020-04-03 13:08:00,61.0,61.0,60.86,60.86,432
2020-04-03 13:09:00,61.08,61.08,61.08,61.08,255
2020-04-03 13:10:00,61.0,61.0,61.0,61.0,85
2020-04-03 13:11:00,61.05,61.08,60.9,61.005,1130
2020-04-03 13:12:00,61.005,61.005,60.9401,60.9401,306
2020-04-03 13:15:00,60.92,60.97,60.48,60.48,1620
2020-04-03 13:16:00,60.76,60.79,60.5,60.5,459
2020-04-03 13:17:00,60.9,61.0,60.9,60.91,1681
2020-04-03 13:19:00,60.99,61.1,60.91,61.005,2112
2020-04-03 13:20:00,61.02,61.02,60.85,60.96,901
2020-04-03 13:21:00,60.78,61.15,60.67,61.15,1244
2020-04-03 13:22:00,61.01,61.08,61.0,61.08,798
2020-04-03 13:23:00,60.8871,60.8871,60.795,60.795,1139
2020-04-03 13:24:00,60.86,61.08,60.83,61.08,1106
2020-04-03 13:25:00,61.0001,61.01,60.92,60.9764,726
2020-04-03 13:26:00,60.75,60.88,60.715,60.88,2739
2020-04-03 13:27:00,60.96,61.04,60.7,60.7,3575
2020-04-03 13:28:00,61.0001,61.05,60.17,60.36,9310
2020-04-03 13:29:00,60.49,60.49,60.075,60.075,511
2020-04-03 13:30:00,60.1994,60.42,60.14,60.24,2480
2020-04-03 13:31:00,60.14,60.22,59.96,60.22,702
2020-04-03 13:32:00,59.85,60.91,59.85,60.85,4508
2020-04-03 13:33:00,60.75,61.0,60.44,60.8495,22201
2020-04-03 13:34:00,60.6,60.6,60.31,60.31,255
2020-04-03 13:35:00,60.3,60.33,59.8,60.0494,765
2020-04-03 13:36:00,60.0,60.39,60.0,60.17,2220
2020-04-03 13:37:00,60.13,60.48,60.13,60.48,1215
2020-04-03 13:38:00,60.38,60.45,60.33,60.45,2049
2020-04-03 13:39:00,60.17,60.74,60.17,60.74,379
2020-04-03 13:40:00,60.1,60.1,60.1,60.1,89
2020-04-03 13:41:00,60.0477,60.05,60.01,60.05,969
2020-04-03 13:45:00,59.82,60.09,59.82,60.09,1467
2020-04-03 13:46:00,60.29,60.29,60.1,60.11,604
2020-04-03 13:49:00,60.27,60.27,60.27,60.27,276
2020-04-03 13:51:00,60.2,60.2,60.19,60.19,851
2020-04-03 13:53:00,60.06,60.24,60.06,60.17,558
2020-04-03 13:54:00,60.3,60.31,60.3,60.31,1096
2020-04-03 13:55:00,60.29,60.29,60.015,60.015,357
2020-04-03 13:57:00,59.774,59.774,59.774,59.774,3224
2020-04-03 13:58:00,59.65,59.65,59.65,59.65,85
2020-04-03 13:59:00,60.0,60.0,60.0,60.0,85
2020-04-03 14:00:00,60.16,60.16,60.08,60.1,255
2020-04-03 14:01:00,60.18,60.18,59.87,60.05,569
2020-04-03 14:04:00,60.17,60.17,59.98,59.98,255
2020-04-03 14:05:00,60.18,60.18,60.02,60.02,531
2020-04-03 14:06:00,59.745,59.745,59.745,59.745,172
2020-04-03 14:09:00,59.57,59.57,59.57,59.57,86
2020-04-03 14:10:00,60.06,60.06,60.06,60.06,213
2020-04-03 14:11:00,60.06,60.475,59.9,60.475,664
2020-04-03 14:12:00,60.11,60.11,60.11,60.11,183
2020-04-03 14:13:00,60.42,60.42,60.25,60.25,192
2020-04-03 14:14:00,60.47,60.47,60.2,60.29,485
2020-04-03 14:15:00,60.29,60.425,60.25,60.375,2198
2020-04-03 14:16:00,60.25,60.27,60.2,60.27,1263
2020-04-03 14:17:00,60.2,60.2,60.2,60.2,268
2020-04-03 14:18:00,59.935,60.05,59.935,60.05,2545
2020-04-03 14:21:00,60.175,60.175,60.175,60.175,113
2020-04-03 14:22:00,59.71,59.71,59.71,59.71,132
2020-04-03 14:23:00,59.92,60.05,59.92,60.05,583
2020-04-03 14:24:00,59.86,59.86,59.86,59.86,476
2020-04-03 14:26:00,60.0,60.38,60.0,60.38,1114
2020-04-03 14:27:00,60.19,60.285,60.12,60.12,1649
2020-04-03 14:29:00,60.44,60.44,60.44,60.44,234
2020-04-03 14:32:00,59.72,59.72,59.72,59.72,85
2020-04-03 14:33:00,59.73,60.13,59.71,59.805,1929
2020-04-03 14:34:00,60.17,60.43,60.17,60.2,1910
2020-04-03 14:35:00,60.185,60.185,60.185,60.185,391
2020-04-03 14:36:00,59.77,60.01,59.77,60.01,1271
2020-04-03 14:37:00,60.06,60.06,60.0,60.06,1290
2020-04-03 14:38:00,59.96,60.17,59.93,60.11,471
2020-04-03 14:39:00,60.4338,60.4338,60.13,60.13,5649
2020-04-03 14:40:00,60.14,60.14,60.0,60.0,340
2020-04-03 14:41:00,60.2,60.2,60.2,60.2,285
2020-04-03 14:42:00,59.95,59.95,59.95,59.95,85
2020-04-03 14:43:00,59.938,59.98,59.91,59.91,680
2020-04-03 14:44:00,59.78,60.0,59.745,60.0,2631
2020-04-03 14:45:00,60.0,60.45,59.99,60.07,1740
2020-04-03 14:46:00,59.97,60.0,59.92,59.92,1326
2020-04-03 14:47:00,59.76,59.95,59.76,59.95,376
2020-04-03 14:48:00,59.47,59.47,59.47,59.47,94
2020-04-03 14:49:00,59.44,59.8,59.44,59.64,615
2020-04-03 14:50:00,59.6,59.6,59.54,59.54,545
2020-04-03 14:51:00,59.43,59.82,59.43,59.79,2295
2020-04-03 14:52:00,59.84,59.85,59.84,59.85,557
2020-04-03 14:54:00,59.995,59.995,59.83,59.97,2873
2020-04-03 14:55:00,59.89,59.89,59.705,59.77,413
2020-04-03 14:57:00,59.56,59.56,59.56,59.56,93
2020-04-03 14:58:00,59.38,59.86,59.38,59.43,313
2020-04-03 14:59:00,59.38,59.38,59.38,59.38,85
2020-04-03 15:00:00,59.38,59.845,59.38,59.845,774
2020-04-03 15:01:00,59.845,59.85,59.39,59.39,255
2020-04-03 15:02:00,59.38,59.38,59.38,59.38,94
2020-04-03 15:03:00,59.47,59.83,59.47,59.83,267
2020-04-03 15:04:00,59.51,59.51,59.51,59.51,180
2020-04-03 15:06:00,59.61,59.61,59.29,59.29,205
2020-04-03 15:07:00,59.285,59.37,59.23,59.37,264
2020-04-03 15:08:00,58.95,59.48,58.95,59.02,366
2020-04-03 15:09:00,59.05,59.185,58.61,58.66,940
2020-04-03 15:10:00,59.16,59.16,58.25,58.25,379
2020-04-03 15:11:00,58.885,58.885,58.46,58.46,170
2020-04-03 15:12:00,58.895,58.895,58.41,58.41,261
2020-04-03 15:13:00,58.44,58.89,58.44,58.89,611
2020-04-03 15:15:00,58.43,58.43,58.43,58.43,85
2020-04-03 15:16:00,58.7576,58.855,58.47,58.84,469
2020-04-03 15:17:00,58.43,58.815,58.43,58.815,340
2020-04-03 15:18:00,58.815,58.815,58.79,58.79,501
2020-04-03 15:19:00,58.745,59.06,58.745,59.06,786
2020-04-03 15:20:00,58.82,59.445,58.82,59.445,2658
2020-04-03 15:21:00,59.325,59.325,59.325,59.325,85
2020-04-03 15:22:00,59.405,59.46,59.315,59.315,1105
2020-04-03 15:23:00,59.31,59.31,59.26,59.26,323
2020-04-03 15:24:00,59.33,59.87,59.26,59.87,2731
2020-04-03 15:25:00,59.82,59.82,59.82,59.82,255
2020-04-03 15:27:00,59.56,59.59,59.15,59.15,758
2020-04-03 15:28:00,59.395,59.4473,59.19,59.19,363
2020-04-03 15:30:00,59.34,59.34,59.13,59.13,450
2020-04-03 15:31:00,59.38,59.38,59.38,59.38,88
2020-04-03 15:32:00,59.13,59.13,59.13,59.13,86
2020-04-03 15:33:00,59.2,59.57,59.2,59.57,468
2020-04-03 15:34:00,59.14,59.17,59.13,59.13,826
2020-04-03 15:35:00,58.86,58.86,58.47,58.47,685
2020-04-03 15:36:00,58.43,58.44,58.43,58.44,539
2020-04-03 15:37:00,58.51,58.51,58.51,58.51,451
2020-04-03 15:38:00,58.46,58.69,58.46,58.6,1510
2020-04-03 15:39:00,58.54,58.62,58.1,58.62,1768
2020-04-03 15:40:00,58.63,58.635,58.63,58.635,347
2020-04-03 15:41:00,58.38,58.875,58.38,58.645,770
2020-04-03 15:42:00,58.6769,58.695,58.48,58.6427,863
2020-04-03 15:43:00,58.53,58.53,58.4806,58.49,678
2020-04-03 15:44:00,58.48,58.89,58.31,58.62,4593
2020-04-03 15:45:00,58.58,58.87,58.58,58.79,3469
2020-04-03 15:46:00,58.79,58.83,58.67,58.73,3014
2020-04-03 15:47:00,58.72,58.745,58.72,58.745,1156
2020-04-03 15:48:00,58.75,58.755,58.75,58.755,255
2020-04-03 15:49:00,58.61,58.765,58.61,58.76,680
2020-04-03 15:50:00,58.64,58.64,58.64,58.64,85
2020-04-03 15:51:00,58.76,58.76,58.62,58.62,908
2020-04-03 15:52:00,58.76,58.76,58.61,58.67,431
2020-04-03 15:53:00,58.61,58.61,58.58,58.6,1357
2020-04-03 15:54:00,58.42,58.888,58.38,58.65,799
2020-04-03 15:55:00,58.38,58.65,58.38,58.38,1022
2020-04-03 15:56:00,58.38,58.88,58.38,58.41,2720
2020-04-03 15:57:00,58.64,58.64,58.4,58.4,2148
2020-04-03 15:58:00,58.23,58.505,58.05,58.06,2730
2020-04-03 15:59:00,58.465,58.47,58.09,58.47,1021
2020-04-03 16:00:00,58.12,58.66,58.04,58.04,11386
